vid,title,latitude,longitude
0,87 Attorney Patio,40.7183,-73.985016
1,Necessary Clothing,40.719845,-74.00185
2,Markt,40.741604,-73.99375
3,Pizza Palace,40.776512,-73.91069
4,Gotham Fresh Foods,40.74993,-73.93929
5,Duane Reade,40.767277,-73.9825
6,Panini Tozt Cafe,40.743526,-73.97372
7,S. Feldman's Housewares,40.78468,-73.955894
8,Night Hotel,40.757206,-73.98439
9,Il Riccio,40.774708,-73.958824
10,Steve Madden,40.723225,-73.9985
11,Maoz Vegetarian,40.740295,-74.03001
12,MTA Subway - Queens Plaza (E\/M\/R),40.74914,-73.937836
13,Prohibition,40.785206,-73.97428
14,Mie Jakarta,40.741997,-73.87861
15,Bossert 98,40.69509,-73.995544
16,Kinara,40.66798,-73.987305
17,El Grill,40.767006,-73.92187
18,Trash & Vaudeville,40.72936,-73.98958
19,Gilt City HQ,40.740723,-73.986946
20,Battery Park Dog Run,40.70742,-74.01599
21,Rite Aid,40.714016,-73.73733
22,Refugio Cigar House,40.71595,-73.94959
23,Bond 45,40.757496,-73.984886
24,AT&T,40.739357,-73.613205
25,Food Dynasty,40.611202,-74.0085
26,FedEx Office Print & Ship Center,40.731903,-73.61247
27,Tomo Japanese Cafe,40.73451,-73.87424
28,The North Face,40.779495,-73.98187
29,NYCHA - Patterson Houses,40.80577,-73.93438
30,Hilton Garden Inn - Nicotra's Ballroom,40.614758,-74.17612
31,Plaka Taverna,40.622547,-74.02848
32,KFC,40.72035,-73.80903
33,National Wholesale Liqudators,40.92577,-73.85757
34,Henry's On The Hudson,40.718933,-74.03266
35,Pathmark,40.90803,-73.83473
36,Brighton Beach,40.57485,-73.96163
37,Minado,40.74784,-73.61613
38,Turquoise,40.93333,-73.75846
39,Oro Bakery and Bar,40.72036,-73.99634
40,B&H Executive Offices,40.753487,-73.99544
41,Bread Talk,40.711765,-73.99711
42,Bank of America,40.71895,-73.98921
43,Howl! Festival,40.72621,-73.98204
44,Unoppressive Non-Imperialist Bargain Books,40.73016,-74.00311
45,TOMO Japanese Cuisine,40.542667,-74.16565
46,McDonald's Express,40.807583,-73.94519
47,American Eagle Outfitters,40.749428,-73.98672
48,Foley Square,40.714508,-74.00292
49,Papyrus,40.712273,-74.00808
50,Rivington Street Guitars,40.726658,-73.99037
51,EN Japanese Brasserie,40.73037,-74.00689
52,Paul LaBrecque West,40.774387,-73.98128
53,Food For Life Supreme,40.802334,-73.950325
54,Lallisse Mediterranean Wine & Food,40.743862,-73.98157
55,Mariella Pizza,40.73495,-73.98605
56,Sweet Spring Restaurant,40.71294,-73.997116
57,Chelsea Clearview Cinemas,40.744946,-73.99801
58,Gap,40.760822,-73.97561
59,UPS - Maspeth Facility,40.727715,-73.92056
60,Punjabi Grocery & Deli,40.722492,-73.98712
61,Il Cibreo,40.805656,-73.965576
62,Christies Jamaican Patties,40.675995,-73.971596
63,Heights Theater,40.69178,-73.998474
64,Ridge Hill Community,40.964165,-73.85664
65,Cozy Cafe Hookah Lounge,40.723747,-73.99011
66,Deniz,40.686745,-73.97559
67,Raines Law Room,40.738853,-73.99459
68,Queens Pride Festival,40.74753,-73.89001
69,NYC Kulture,40.729107,-73.988785
70,505 W 37,40.75726,-73.998116
71,Archstone Hoboken Gym,40.736294,-74.03345
72,Tropical Paradise Restaurant,40.64199,-73.929375
73,Gate 6,40.642452,-73.79036
74,East Manor,40.738716,-73.885574
75,Scalini Fedeli,40.717285,-74.00927
76,United Palace Theatre,40.8474,-73.938034
77,Famiglia Pizza,40.84124,-73.93956
78,Circle Pizza,40.83246,-74.009964
79,McDonalds,40.839455,-73.914856
80,Michaels,40.62525,-74.1369
81,Frying Pan,40.752293,-74.00876
82,Bleacher Section,40.830086,-73.92567
83,Tse Yang Restaurant,40.758163,-73.974434
84,88 Chinese Restaurant,40.813213,-73.94128
85,Saatchi & Saatchi,40.728626,-74.00755
86,Kennedy Fried Chicken,40.854317,-73.90226
87,Indonesian Food - Masakan Padang,40.760323,-73.97184
88,Wild Asia Stage,40.84525,-73.8772
89,Dunkin' Donuts,40.71289,-74.00835
90,Hillside Public Library,40.734833,-73.68802
91,Prospect Park YMCA,40.66848,-73.98459
92,P.C. Richard & Son,40.640564,-73.65519
93,Jil Sander,40.719505,-74.00063
94,Fruit Smoothies & Bubble Tea Cart,40.70782,-74.00818
95,barbiere,40.726856,-73.98945
96,Nowhere.,40.671764,-73.99843
97,The UPS Store,40.756264,-73.96992
98,NJ Route 495,40.767834,-74.02202
99,Hunter College High School,40.78566,-73.95386
100,The Meat Hook,40.717636,-73.94783
101,Lot Less Closeouts,40.87831,-73.905304
102,Elite Model Management,40.743748,-73.98358
103,Miss Liberty,40.70189,-74.0167
104,Uncle Nick's Greek Cuisine,40.76391,-73.98889
105,Warren-Tricomi Salon,40.763996,-73.97512
106,Madison Bar & Grill,40.750507,-74.026695
107,OfficeMax,40.7082,-73.7035
108,The Flying Puck,40.748688,-73.99235
109,Michelson Studios,40.736187,-74.009575
110,East Meets West,40.71998,-73.86479
111,MTA Subway - 5 Train,40.84189,-73.87349
112,1065 Ave of the Americas,40.75395,-73.98551
113,Tuscany,40.76289,-73.977974
114,Paradise Cafe,40.741497,-74.00147
115,Pratt Manhattan,40.73811,-73.99899
116,Celebrations Hallmark Gold Crown,40.77659,-73.91242
117,Colbeh,40.752316,-73.98392
118,Mamoun's Falafel,40.73018,-74.00032
119,Tacos y Quesadilla Mexico,40.76899,-73.984825
120,woodhull hospital E.R.,40.700382,-73.94261
121,Forefront Church,40.73906,-73.98465
122,The Helmsley Building,40.753902,-73.9764
123,Inman Connect,40.758392,-73.98549
124,La Regina Pizza,40.66599,-73.670425
125,The Beach at Governors Island,40.69294,-74.01643
126,Department Of Labor,40.7231,-74.00643
127,Manfredi Chrysler Jeep Dodge,40.59786,-74.08405
128,Bar Next Door,40.730656,-74.00001
129,Frank's Market,40.855267,-73.93721
130,Frolic Electronic Music Festival in Central Park,40.796883,-73.9589
131,La Sala 78,40.862106,-73.924995
132,C-Town,40.908108,-73.782745
133,El Yayo Nuevo,40.641533,-74.01784
134,Fort Tryon Park Dog Run,40.86166,-73.931946
135,The Gibbons' Home,40.728672,-73.8957
136,Haven New York,40.755676,-73.96899
137,Blue Sky Bakery,40.681076,-73.97721
138,Turkish Cafe & Restaurant,40.60988,-73.95719
139,Crown Ford,40.658184,-73.67644
140,Howard Johnson Hotel,40.76465,-74.04768
141,St. Aloysius R.C. Church,40.70735,-73.91425
142,Associated Supermarket,40.67957,-73.86109
143,Nightingale Bar,40.73172,-73.98541
144,Liberty Wine & Deli,40.713837,-74.03799
145,Canal Street Seafood Restaurant,40.71877,-74.001015
146,Yankee-Steiner Store,40.82955,-73.92636
147,Marabella's Pizza,40.740105,-73.92357
148,Quad Cinema,40.736004,-73.99588
149,Mustang Cafe,40.75143,-73.984024
150,M15 +SBS Bus Stop,40.71721,-73.99158
151,Cool Hunting for Gap,40.76065,-73.97561
152,Grace Dodge Hall,40.810383,-73.95967
153,Dalton's Seaside Grill,40.58156,-73.82977
154,Envy Nails,40.79826,-73.940994
155,The Art of Shaving,40.781452,-73.98094
156,Lady Windridge Boat,40.745815,-74.01026
157,jcpenney,40.748512,-73.98871
158,South Oxford Park,40.683754,-73.97251
159,Chase Bank,40.714203,-73.77772
160,Pete's Cafe,40.858784,-73.8862
161,Buster's Cafe,40.761425,-74.00093
162,Pizza Mezzaluna,40.727947,-74.00197
163,La Gloria,40.756226,-73.88115
164,International Restaurant,40.648235,-74.007034
165,The Institute of Culinary Education,40.742577,-73.99206
166,La Quinta Inn & Suites Secaucus Meadowlands,40.79019,-74.04943
167,The Vig Bar,40.721226,-73.9946
168,Walgreens,40.739773,-73.70006
169,Jim Hanley's Universe,40.571884,-74.112236
170,620 W 116 - Barnard College,40.808414,-73.96516
171,Bank Of America,40.865303,-73.86714
172,Juice For Life,40.769234,-73.73675
173,Nussbaum & Wu,40.805984,-73.965416
174,Popeye's,40.604343,-73.99807
175,B70 Bus,40.63747,-74.007515
176,US Post Office,40.749763,-73.86179
177,Ming's Cafe,40.71467,-73.990456
178,Dramatics NYC,40.73709,-73.992805
179,Culture: An American Yogurt Company,40.67243,-73.983604
180,Montgomery Greene,40.71647,-74.035675
181,Barcey's Coffee,40.704967,-73.917404
182,Amor y Amargo,40.72556,-73.98447
183,One Beacon Court,40.76142,-73.96799
184,Pizza Junkie,40.72268,-73.99239
185,World Maker Faire 2011,40.74786,-73.85252
186,Last Bus Stop In Staten Island,40.60378,-74.069626
187,Clinton Food Market,40.692795,-73.99351
188,The Vagina Tree,40.721146,-73.953835
189,Athom Cafe,40.694267,-73.93069
190,In Napoli,40.85081,-73.96659
191,Pino's Ristorante,40.6009,-74.00072
192,Starbucks (Barnes & Noble),40.74365,-73.62007
193,Sunflower Deli,40.731167,-74.06401
194,Columbus Statue,40.769997,-73.91739
195,Garden World,40.75388,-73.782036
196,MTA Subway - 145th St (A\/B\/C\/D),40.824776,-73.944214
197,le Paris Bistrot,40.785164,-73.95554
198,Cafe doppio,40.70505,-74.01135
199,Pride 2011: Dance On The Pier,40.741505,-74.00969
200,MTA BX36 Bus,40.847527,-73.919914
201,St. Albans Memorial Park,40.690857,-73.776146
202,Crown Fried Chicken,40.670525,-73.95055
203,Tanning Loft,40.52487,-74.200645
204,Love Lane,40.696064,-73.99464
205,Saul,40.68702,-73.99034
206,Dunkin' Donuts,40.79825,-73.940865
207,Boundless NY,40.714413,-73.95754
208,Manhattan Penthouse,40.73594,-73.993774
209,AMNH Hall Of Primates,40.780537,-73.97476
210,Illuzion,40.74128,-74.02962
211,Green Gourmet Market,40.6833,-73.93512
212,Dr. Brian Meehan,40.724976,-74.00363
213,Excelsior,40.670834,-73.98495
214,Club H Fitness,40.71872,-74.03991
215,Ferdinando's Focacceria,40.68416,-74.00167
216,The Kaye Playhouse at Hunter College,40.76829,-73.96444
217,MTA Subway - Avenue P (F),40.609043,-73.97301
218,Magna Ristorante,40.763752,-73.83139
219,MTA SIR - Tompkinsville Station,40.637356,-74.07532
220,Dunkin' Donuts,40.655674,-73.9596
221,275 Madison ave,40.75145,-73.98011
222,Pizza Sam,40.756252,-73.87854
223,Grand Cafe,40.75493,-73.97606
224,Prospect Park (Harmony Playground),40.663418,-73.97707
225,The Lodge,40.728245,-74.00442
226,South Conduit Blvd & Crossbay Blvd,40.66859,-73.842354
227,The Junction,40.632122,-73.94709
228,La Villita Mexican Restaurant,40.851612,-73.93299
229,Grand Concourse - South Bound,40.818638,-73.927055
230,Prosperity Dumpling,40.716,-73.99321
231,Effy's Cafe,40.78223,-73.95104
232,Subway Restaurant - 37th And Broadway,40.752197,-73.98765
233,La Roca Supermarket,40.779034,-74.023605
234,Smith's Bar,40.758568,-73.98898
235,I-80 West,40.865547,-74.0144
236,East Meadow Plaza,40.723404,-73.56514
237,Oriental Kitchen,40.73827,-73.98175
238,Burger King,40.6218,-74.02612
239,Belgium Beer Bar,40.731293,-74.00103
240,La Bergamote,40.76618,-73.9917
241,Spoon theater,40.75159,-73.98454
242,Queens Borough Hall,40.713566,-73.82783
243,P.S. 40,40.735508,-73.98173
244,Central Park UES Dog Spot,40.79019,-73.957825
245,Scalino,40.66636,-73.98198
246,La Isla,40.737732,-74.030815
247,CVS Pharmacy,40.73076,-74.0016
248,The Barrel,40.73014,-73.9892
249,TRUMPistan,40.77762,-73.9884
250,Ten Ren's Tea Time aa,40.63633,-74.00875
251,Museum Tower,40.761387,-73.977295
252,Hollister,40.73859,-73.613144
253,John's Restaurant and Pizzeria,40.73065,-73.98553
254,St. Francis Xavier School Gym,40.67457,-73.978
255,Auntie Anne's,40.7756,-73.87756
256,The Foundry,40.709694,-74.06
257,Subway,40.827675,-73.92475
258,Toloache Taqueria,40.707645,-74.00765
259,Quiznos,40.731667,-74.06514
260,Polash Indian restaurant,40.799744,-73.93881
261,M102 Moving Target (North),40.745422,-73.978516
262,Medgar Evers College- C Building,40.666996,-73.95272
263,Hell's Kitchen Park & Playground,40.762993,-73.99292
264,Cafe Saffe,40.76777,-73.98355
265,Dyckman liquors,40.86256,-73.92537
266,Nova Bar & Outdoor garden,40.68014,-73.964775
267,Valentino's Pizzeria,40.743473,-73.65731
268,Pil Pil,40.772778,-73.955925
269,Walgreens,40.713596,-73.73633
270,Vital Theatre Company,40.781845,-73.980896
271,Lunch Box Buffet,40.751797,-73.993
272,The Double Windsor,40.660538,-73.98033
273,Outside The NAC,40.819626,-73.95079
274,Coffee & Tea Market,40.62847,-74.103355
275,Dunkin' Donuts,40.787533,-73.97526
276,Sapori d'Ischia,40.750908,-73.90633
277,Diamante's Brooklyn Cigar Lounge,40.686317,-73.973526
278,Starbucks,40.756706,-73.98234
279,Three Star Restaurant,40.599026,-73.95507
280,Nakata,40.587223,-74.103905
281,Montefiore Medical Group - Bronx East,40.835308,-73.84786
282,Le Sportsac - Madison Ave,40.77725,-73.96121
283,Sunac Fancy Food,40.744473,-73.991615
284,Steinway Pizza,40.75989,-73.918274
285,Martino's Pizzeria,40.706985,-73.69281
286,712 Fifth Avenue,40.762363,-73.97504
287,Rooftop 505 W.37th St.,40.757065,-73.99853
288,Lowdown Hudson Blues Festival,40.713192,-74.016304
289,McDonald's,40.633125,-73.88981
290,Manila! Manila!,40.761005,-73.90906
291,Gowanus Expressway,40.65951,-74.002235
292,Natural & Plus,40.737247,-74.03091
293,Cherry Tavern,40.72564,-73.98456
294,American Apparel,40.71695,-74.0081
295,Organicoa,40.7331,-74.010475
296,Benjamin Franklin Statue,40.71171,-74.00584
297,Woo So Bo So,40.7648,-73.810936
298,Penn Wines & Spirits,40.750515,-73.99162
299,Newbridge Farms,40.74255,-73.53642
300,Penguin Group (USA) Inc.,40.72845,-74.00731
301,Tosca CafA,40.819084,-73.81737
302,United States Post Office,40.811123,-73.95333
303,River Place Sports Club,40.761024,-73.99967
304,Astor Place Hairstylist,40.7304,-73.99274
305,Sunnyside nail spa,40.744972,-73.91871
306,Ogawa Cafe,40.72738,-73.99209
307,The Black Swan,40.68922,-73.95521
308,Sport time,40.65836,-73.66463
309,TSA Body Cavity Search,40.77438,-73.87167
310,Pearl Street Diner,40.707066,-74.00639
311,Pathmark,40.77384,-74.02038
312,St. Mary-Most Holy Trinity R.C. Church,40.707138,-73.94423
313,Burger One,40.775375,-73.958534
314,Sushi Q,40.844162,-73.83078
315,B.B. King Blues Club & Grill,40.756912,-73.988815
316,Heights Casino,40.695366,-73.99606
317,Gull's Cove,40.71516,-74.04424
318,Fog Creek Software,40.706833,-74.01262
319,Magazine Cafe,40.750835,-73.98432
320,Sterling Cooper Draper Pryce,40.75446,-73.97859
321,Rosa Parks Hempstead Transit Center,40.71119,-73.624306
322,Hunter College MFA Studio Building,40.75853,-73.99469
323,Bank Of America,40.78612,-74.04646
324,Cheeburger Cheeburger,40.720562,-73.84253
325,La Cocinita Latina,40.824207,-73.94516
326,gravity fitness & spa,40.763832,-73.978615
327,Bleecker Street,40.733166,-74.003876
328,MTA M101,40.804596,-73.9381
329,Bikram Yoga NYC - Midtown,40.76144,-73.98711
330,Mobil,40.71791,-73.63185
331,Leo Engineering Building,40.886406,-73.900375
332,Central Park Gazebo,40.766827,-73.97786
333,Dunkin' Donuts,40.612106,-74.157646
334,Skechers,40.756577,-73.98745
335,TripperBus Stop,40.750477,-73.99502
336,Backstage,40.720776,-73.98882
337,West Broadway Soho,40.72459,-74.002144
338,New York Sports Club,40.74664,-73.98151
339,Hotel 99 Llc,40.79671,-73.97071
340,Europan Bakery Cafe,40.793026,-73.973206
341,Sky Lounge,40.613323,-73.9806
342,Grind. Work Liquid.,40.743614,-73.983475
343,MTA Subway - New Lots Ave (3),40.666145,-73.88415
344,Pearl Studios,40.733826,-74.057304
345,Bikram Yoga Grand Central,40.75785,-73.96755
346,Rupert Jee's Hello Deli,40.763542,-73.98326
347,Citibank,40.80874,-73.9485
348,Serafina Fabulous Grill,40.764774,-73.969955
349,Cheese Store,40.62253,-73.7231
350,YogaWorks,40.772026,-73.958885
351,W 53 Gourmet Deli,40.761757,-73.97987
352,Price Choice Food Market,40.71031,-73.89937
353,Rizza Salon,40.735813,-74.000656
354,Hess,40.64714,-73.63868
355,AVamos!,40.735176,-73.9796
356,Bayridge Medical Imaging,40.629955,-74.02517
357,Next Jump,40.7452,-73.98642
358,Gate C11,40.77508,-73.87563
359,Shubert Theatre,40.758236,-73.98725
360,Citibank,40.73991,-73.98537
361,Blue Ribbon Sushi Bar & Grill,40.767635,-73.98321
362,Danziger Projects,40.7488,-74.00523
363,Starbucks,40.737194,-73.99654
364,MTA Bus Stop - Parsons Blvd & Hillside Ave (Q25\/Q25LTD\/Q34\/Q65\/Q65LTD),40.707565,-73.802444
365,Roberto's Restaurant,40.853745,-73.888245
366,Zora Space,40.67417,-73.98542
367,Neptune Diner,40.77063,-73.916985
368,3 West Club,40.75936,-73.97767
369,Mercedes-Benz Fashion Week,40.772312,-73.98414
370,Vincent & Andrea's Pizzeria,40.698147,-73.83516
371,Choza Taqueria,40.743507,-73.98594
372,Gate 24,40.645935,-73.7762
373,Ditch Plains,40.70296,-73.99529
374,The Martha Stewart Show,40.746258,-73.995155
375,Victory Field Jogging Track,40.70188,-73.852974
376,Bake City Bagels,40.59064,-73.96973
377,GNC,40.72774,-73.9948
378,Sheridan Square Viewing Garden,40.733055,-74.00206
379,Chase,40.553654,-74.19284
380,Mexicue,40.718513,-73.9931
381,NJT 9th Street Bus Stop,40.74743,-74.02796
382,MTA Subway - 23rd St (F\/M),40.7429,-73.99279
383,La Vie Zen Spa,40.756695,-73.97635
384,Olympic Restaurant,40.71853,-73.9884
385,Gigi's Pizzeria,40.741962,-73.69804
386,Ganni's Pizzeria,40.69442,-73.95794
387,Posman Books,40.753044,-73.97829
388,Acela Express Waiting Area,40.75093,-73.99156
389,Gate 212,40.756767,-73.991806
390,Buona Notte,40.717773,-73.99823
391,Mineola Bus Terminal,40.74011,-73.641266
392,Hype Gym,40.74052,-73.978516
393,Dolphin Gourmet Deli,40.740368,-74.003685
394,Urban Kitchen,40.749306,-73.99547
395,Chinese Buffet,40.88039,-73.82386
396,Soup Stop,40.78568,-73.97283
397,Pantry Diner,40.654625,-73.63394
398,Starbucks,40.719223,-73.99025
399,Bergen City Sub,40.681248,-73.976326
400,Holiday Cocktail Lounge,40.727856,-73.98579
401,Elizabeth Center Gift Shops,40.715977,-73.997375
402,Sin City Gentlemen's Cabaret,40.812206,-73.93034
403,Ridgefield Memorial High School,40.83117,-73.99925
404,frog design,40.72681,-74.007614
405,Watawa,40.77516,-73.90931
406,HCCC B Building,40.730953,-74.06308
407,Wok & Roll,40.693752,-73.98703
408,Cupcakestop Flagship Store,40.736496,-74.001205
409,Subway,40.746216,-73.61775
410,The Pace Gallery,40.749165,-74.003975
411,Laundry City,40.720585,-74.046005
412,Larchmont Shore Club,40.91506,-73.75163
413,Rothschild's,40.686863,-73.98446
414,Fairfield Inn & Suites by Marriott,40.735943,-73.936745
415,Dunkin' Donuts,40.898533,-73.85513
416,Burger Joint,40.764065,-73.97882
417,Five Guys Burgers & Fries,40.7744,-73.873924
418,MVP Bus,40.750217,-73.99453
419,Dogpatch Labs New York,40.733604,-73.99211
420,The Garden at Studio Square,40.755165,-73.92499
421,Jackson Heights Cinema,40.74675,-73.88374
422,Mr. Broadway Kosher Restaurant,40.752296,-73.98739
423,Chase Bank,40.78261,-73.94917
424,Park East Animal Hospital,40.766167,-73.96818
425,Chikurin,40.72978,-73.86031
426,Moustache,40.789375,-73.94823
427,Dallas BBQ,40.84008,-73.940475
428,McDonald's,40.753212,-73.980316
429,AT&T,40.836437,-73.860855
430,Rite Aid,40.699944,-73.906494
431,The Gate,40.6728,-73.98321
432,Pace University Gym,40.71154,-74.005264
433,M Noodle Shop,40.71401,-73.95068
434,Kaufman Astoria Studios,40.757145,-73.92356
435,Chili's Grill & Bar,40.61172,-74.15903
436,I Coppi,40.72727,-73.9835
437,Dunkin' Donuts,40.788708,-74.016304
438,Gunhill Projects,40.876553,-73.865036
439,MTA Subway - 3rd Ave\/138th St (6),40.8105,-73.92613
440,CVS\/pharmacy,40.75104,-73.67572
441,Interactive One \/ Radio One,40.756813,-73.970436
442,Rocky's & Nicky's II,40.63726,-74.03121
443,Baoguette Pho Sure,40.733166,-74.00556
444,Joe the Art of Coffee,40.78567,-73.97272
445,New York Public Library - St. Agnes Library,40.784668,-73.97721
446,East River Esplanade,40.74485,-73.97056
447,HSBC - 3rd Ave at 48th St,40.754906,-73.9715
448,Lunch Box,40.76824,-73.9854
449,The King Of Cupcakes,40.66967,-73.97931
450,Sit & Wonder,40.67749,-73.96376
451,New York Public Library - Mulberry Street,40.724182,-73.99552
452,Tannen's Magic Shop,40.75017,-73.98666
453,Starbucks,40.7638,-73.97864
454,Silver Lining,40.71451,-74.010635
455,Directv Blimp,40.828808,-73.9233
456,Oak Wine Bar,40.715443,-73.944885
457,Fuji Sushi,40.72715,-73.855515
458,Jerusalem Grill,40.7614,-73.96073
459,Hommocks Park Ice Rink,40.934105,-73.74727
460,AT&T,40.763306,-73.96742
461,Heritage Field,40.827366,-73.92942
462,Fort Greene Park Greenmarket,40.68983,-73.9734
463,Sports Authority,40.740395,-73.99456
464,Diesel,40.735336,-73.99151
465,Douchebag,40.76359,-73.97873
466,Alvin Johnson\/J.M. Kaplan Hall,40.735455,-73.99661
467,Treehouse Media,40.756817,-73.9863
468,Cha Cha's,40.575565,-73.98175
469,Carters,40.80703,-73.98964
470,Ann Taylor,40.76409,-73.971085
471,Bar XXII,40.745625,-73.9778
472,Bronx Martial Arts Academy,40.8655,-73.85779
473,Basic Food,40.738945,-74.03052
474,Broadway Bridge Wash & Lube,40.872143,-73.91239
475,St. Raymond R.C. Church,40.649067,-73.66615
476,Hofstra Dome,40.719196,-73.59551
477,Buffalo Wild Wings,40.911568,-73.780106
478,D'antigua,40.755646,-73.8829
479,Cafe Lalo,40.78589,-73.97686
480,107 West,40.802567,-73.96783
481,Christ Church,40.76352,-73.969444
482,Charles Schwab,40.74128,-73.9881
483,Party City,40.706837,-73.693954
484,Walk Street,40.72508,-73.634705
485,A Slice of New York,40.759163,-73.9878
486,25 Broadway,40.70556,-74.01354
487,7 Brothers Deli,40.76268,-73.98913
488,Naturalizer,40.76128,-73.96878
489,Moldy Fig,40.720253,-73.98399
490,Fashion Design Books,40.747356,-73.99547
491,Tokyo Hibachi & Sushi Buffet,40.786213,-74.0456
492,Dunkin' Donuts,40.604565,-73.99252
493,A Voce Columbus Restaurant,40.76778,-73.98216
494,Renaissance Diner,40.76443,-73.98795
495,The Compleat Sculptor,40.726547,-74.008286
496,New York Public Library - Wertheim Study,40.753254,-73.98236
497,Dance Theatre Of Harlem,40.829216,-73.94384
498,John Jay Swimming Pool,40.76933,-73.94955
499,Ramada Inn,40.956146,-73.864815
500,JIB Local Union #3 IBEW,40.7323,-73.81018
501,El Rincon Familiar,40.662766,-73.99213
502,Phoenix Park,40.766205,-73.962364
503,GameStop,40.720886,-73.84437
504,Mobil,40.610294,-73.962234
505,Pier 76 Italian Restaurant,40.64013,-74.07583
506,Buff Patty,40.693214,-73.97113
507,The Beach,40.58447,-73.95915
508,Chase Bank,40.650528,-73.9586
509,The Brick Oven Pizza & Cucina,40.80044,-74.00755
510,Inglot Cosmetics,40.741886,-74.00509
511,Remedies,40.851475,-73.844154
512,Pathmark,40.67156,-73.99687
513,Aroma Kitchen & Wine Bar,40.72732,-73.99209
514,Staten Island Hand Wash & Repair Center,40.606564,-74.16184
515,Madina Restaurant and Sweets,40.64365,-73.97004
516,Mast Books,40.724667,-73.98483
517,Austin Farm Market,40.723877,-73.85469
518,NY Athletic Club,40.767017,-73.97914
519,Associated Supermarket,40.732506,-73.85042
520,National Academy Museum & School,40.783558,-73.9586
521,Los Chuzos y Algo Mas,40.747387,-73.886665
522,Whole Foods,40.74482,-73.995155
523,Rockville Centre,40.658764,-73.63552
524,Beer Bar at Cafe Centro,40.75413,-73.977234
525,Starbucks,40.863842,-73.97511
526,East Village Books,40.727325,-73.98454
527,Louis Vuitton,40.762974,-73.97378
528,Queens Central Library,40.7075,-73.79432
529,Torneau,40.76265,-73.97344
530,Michelangelo Hotel,40.76152,-73.98312
531,Miss Favela,40.71206,-73.96606
532,Red Robin Gourmet Burgers,40.74351,-73.61834
533,Boylan Hall,40.63145,-73.95182
534,MTA Q101 Steinway and Ditmars,40.772667,-73.90628
535,Furla,40.762398,-73.97225
536,Rite Aid,40.728752,-73.70457
537,The Tea Factory,40.69981,-73.92268
538,Amtrak Acela Express 2119,40.75168,-73.995834
539,Kasbah Hookah Lounge,40.724842,-73.56055
540,East River Wine And Spirits,40.795586,-73.93307
541,New York Daily News,40.753338,-73.99931
542,Godiva Chocolatier,40.738426,-73.612854
543,Super Tacos Truck,40.79479,-73.97218
544,Annenberg Building,40.789906,-73.953064
545,Tammany Hall,40.720737,-73.98876
546,Carol's Daughter Flagship,40.806923,-73.94342
547,Starbucks,40.785053,-73.97923
548,New York Grill & Deli,40.718857,-73.98221
549,NYU Ticket Central,40.729923,-73.99742
550,V Stop,40.757084,-73.98594
551,Dream NY,40.764503,-73.98209
552,Ellen's Deli & Grocery,40.725605,-74.00749
553,33rd St PATH Station,40.74911,-73.98846
554,Oh Hot Bagels!,40.75559,-73.94115
555,Olive Garden,40.651546,-73.86936
556,Ralph Lauren World Headquarters,40.76349,-73.97149
557,Sals New York Pizza,40.76387,-73.99243
558,Colson Patisserie,40.667973,-73.98391
559,USPS Post Office - Cornell Station,40.822002,-73.858315
560,Phaidon Pop-Up Store,40.724453,-74.000916
561,Thailand's Center Point,40.746555,-73.90027
562,21 Chelsea Luxury Apartments,40.741776,-73.99492
563,Rivergate Fitness Center,40.743748,-73.97225
564,Marine Park Playground,40.607403,-73.93833
565,Little India Stores,40.74293,-73.98293
566,d.b.a.,40.719048,-73.9592
567,Chase Bank,40.708767,-73.83068
568,Skazka,40.599403,-73.96127
569,Rosa's Pizza,40.72694,-73.8955
570,Macombs Dam Park,40.827545,-73.92867
571,MTA Subway - 57th St (F),40.76429,-73.97721
572,Bridges Bar,40.762203,-73.97898
573,Deja Vu New York,40.767223,-73.91773
574,Kiely Hall,40.735634,-73.81626
575,Tommy Bahama's Bar,40.828976,-73.92777
576,Sloan Kettering Cafeteria,40.76415,-73.95679
577,Franklin D Roosevelt,40.726246,-73.97541
578,Europa Cafe - Madison Ave,40.759834,-73.97419
579,COMPLETE - body & spa,40.73983,-73.9929
580,NY Sportimes Tennis Club,40.792896,-73.919174
581,MTA Subway - Inwood\/207th St (A),40.868027,-73.91991
582,Hess Express,40.789833,-74.051025
583,Jake's Dilemma,40.78427,-73.977516
584,Swatch,40.72646,-73.99583
585,Duane Reade,40.708008,-74.00612
586,The Dead Poet,40.78482,-73.97713
587,NJ Motor Vehicle Commission,40.730415,-74.06106
588,Churrasqueira Bairrada Rodizio,40.749077,-73.64209
589,Baruch Performing Arts Center,40.740322,-73.98377
590,Governors Island Ferry,40.697395,-74.01154
591,MTA Subway - Morris Park (5),40.85413,-73.86072
592,Element Healing Arts,40.683537,-73.9997
593,Annie's Pretzels (La Guardia Airport Terminal C),40.77615,-73.87271
594,Charlotte Russe,40.738956,-73.613144
595,Arturo's,40.87437,-73.91036
596,A & C Superette,40.605038,-74.12099
597,Sugiyama,40.765335,-73.98347
598,Sugar Bun,40.663548,-73.84109
599,Sun In Bloom,40.6811,-73.97596
600,Le Pain Quotidien,40.786312,-73.976135
601,LIRR NEW HYDE PARK STATION,40.730347,-73.682724
602,Impossible Casting,40.74515,-73.99226
603,Crotona Park,40.83797,-73.899025
604,Saint Nicholas Church,40.742104,-74.05149
605,Louie's Pizzeria,40.74303,-73.620285
606,Synergy Fitness,40.58865,-74.164955
607,Jacob K Javits Playground,40.858585,-73.934746
608,Sunrise Hwy Route 27,40.656944,-73.63128
609,Rockwood Park Jewish Center,40.662006,-73.848915
610,Wigs & Plus,40.7369,-73.99547
611,Little Ferry Circle,40.8529,-74.03395
612,Joyce Leslie,40.725117,-73.54004
613,Mikado Japanese Restaurant,40.65758,-73.67298
614,CitySights NY Visitor Center,40.756516,-73.98824
615,NJT - Harborside Light Rail Stop,40.719517,-74.034004
616,Woodwork,40.680225,-73.96792
617,Gate 8,40.645447,-73.7753
618,Halal JFK Fried Chicken,40.78858,-73.94406
619,Top Chef Just Desserts Truck,40.75167,-73.99014
620,Amtrak Acela Express 2164,40.751064,-73.92558
621,OYO Organic Yogurt,40.742733,-74.029305
622,Grand Street Park,40.71795,-73.993454
623,Manhattan Bridge Bike Path,40.707092,-73.9904
624,Mercer Playground,40.727634,-73.99657
625,Leather Lounge,40.81339,-73.95202
626,College of Staten Island Library,40.59759,-74.148315
627,Trojanowski Liquor & Wines,40.71806,-73.957565
628,Mamosa Lounge,40.83284,-73.85139
629,Chipotle Mexican Grill,40.70966,-74.00656
630,Carteret,40.571262,-74.229126
631,Starbucks,40.703255,-74.01423
632,The Fitzpatrick Grand Central,40.752792,-73.9748
633,Rite Aid,40.77399,-73.95487
634,Ajisai Japanese Fusion,40.759365,-73.9919
635,McDonald's,40.733585,-73.86993
636,Francesca's La Vela,40.782307,-73.97901
637,Little michael,40.74265,-73.9826
638,Madison Avenue Bridge,40.814102,-73.93344
639,J.Crew Collection,40.776394,-73.96199
640,Best Western Convention Center Hotel,40.757607,-73.99829
641,Cafe CNN,40.740574,-73.98584
642,Gate 6 JetBlue,40.637405,-73.77937
643,MRY,40.73718,-73.98822
644,Da-Angelo,40.76585,-73.6474
645,Wells Fargo,40.77362,-73.95781
646,Zarela,40.755215,-73.96842
647,Lime Jungle,40.76334,-73.98886
648,Popeye's,40.622116,-74.025764
649,Jerome Park Reservoir,40.875748,-73.89823
650,Carman Residence Hall - Columbia University,40.80647,-73.964
651,MAC Cosmetics Pro New York Showroom & Training Facility,40.741238,-73.990395
652,New York And Company,40.738174,-73.613365
653,MTA Subway - Zerega Ave (6),40.83662,-73.84714
654,Coney Island Ave & Kings Hwy,40.607513,-73.96362
655,Super Plan Laundromat,40.825733,-73.94342
656,James Cohan Gallery,40.75019,-74.0043
657,LensCrafters,40.77566,-73.95638
658,The End,40.729973,-73.96028
659,Work It Out-A Fitness Boutique,40.7441,-74.032455
660,Liberty Statue V,40.697086,-74.03919
661,Starbucks,40.75749,-73.985054
662,Disney's THE LION KING on Broadway,40.757984,-73.98603
663,NSA Foodmarkets,40.691334,-73.93945
664,Bocca Restaurant,40.73816,-73.98898
665,Nostrand Health Food & Juice Bar,40.649635,-73.94934
666,Magnolia Bakery,40.761837,-73.9664
667,Tiffany & Co.,40.76289,-73.97403
668,Starbucks,40.72761,-74.00731
669,Silver Lake Park,40.628056,-74.09497
670,Glass Shop,40.673687,-73.96055
671,Dunkin' Donuts,40.612125,-73.98291
672,Natoli's Deli,40.79492,-74.063126
673,7-Eleven,40.8519,-73.82899
674,Ridgefield,40.8308,-74.0004
675,Levi's Store,40.749306,-73.98702
676,Brooklyn Industries,40.742355,-74.000595
677,Chase Bank,40.711205,-74.00896
678,Sala One Nine,40.73992,-73.99326
679,Mr. Tong's,40.728985,-73.85969
680,Britney Spears Concert!,40.722744,-73.59018
681,NJT - Grove Street PATH (43\/63\/64\/68\/80\/81\/82\/86\/R&T4\/Montgomery Westside),40.719257,-74.04225
682,Lowe's Home Improvement,40.80618,-74.018394
683,Downtown New York,40.777245,-74.05768
684,Genesis #1,40.708717,-73.79912
685,McDonald's,40.73246,-73.61022
686,World Wide Plaza,40.762863,-73.98837
687,Your Neighborhood Office,40.73356,-74.00431
688,Gristedes Supermarkets #050,40.777103,-73.95022
689,Loehmann's,40.7402,-73.998535
690,Golden Krust Bakery & Grill,40.63315,-73.94765
691,Charybdis Playground,40.77994,-73.92228
692,NYU Barney Building,40.729816,-73.988106
693,Rambling House,40.89837,-73.86718
694,Le Parker MAridien New York,40.764072,-73.97855
695,Pasticceria Bruno Bakery & Cafe,40.72755,-73.999016
696,Brooklyn Flea Indoor Market (Dumbo) NOW CLOSED,40.702526,-73.992836
697,David H. Koch Theater,40.771996,-73.983475
698,Bank Of America,40.763786,-73.91499
699,M15 - Select Bus Service,40.738926,-73.9774
700,Financier Patisserie,40.754868,-73.97423
701,Next New Networks,40.740623,-73.99146
702,Jahlookova Natural Organic Health Mart,40.806103,-73.94042
703,IHOP,40.68121,-73.84137
704,Mido's Halal Food Cart,40.739803,-73.99484
705,Bier Garden,40.740448,-74.007805
706,Bank of America ATM,40.741577,-73.98948
707,Franchia,40.747574,-73.98113
708,PRUNE,40.723602,-73.98957
709,Hudson Eatery,40.770634,-73.99168
710,Maguire's Public House,40.74488,-73.910065
711,Aladine Zabiha Halal Food Cart,40.73599,-73.71432
712,APizzA,40.72935,-73.981155
713,Japan Premium Beef,40.726715,-73.99205
714,CVS\/pharmacy,40.76005,-73.76977
715,Patsy's Pizzeria,40.797222,-73.93469
716,Late Night with Jimmy Fallon,40.759098,-73.97957
717,Key Food,40.762928,-73.912575
718,aNYthing,40.715626,-73.99009
719,HK Catwalk,40.761974,-73.99014
720,NYU Strawberry Fest 2011,40.73035,-73.997536
721,Salvation Army,40.717957,-73.957726
722,Riegelmann Boardwalk,40.57482,-73.9653
723,Petrarca,40.71898,-74.00491
724,Hoboken Buzz Cuts,40.739174,-74.030426
725,Russian Tea Room,40.765003,-73.97934
726,Seaview Park,40.631134,-73.89302
727,Osaka,40.624393,-74.13636
728,Mandee,40.794285,-73.97187
729,Philippe,40.76408,-73.970566
730,Whiskey Pete's Bar & Cafe,40.828022,-73.98653
731,7-Eleven,40.757694,-73.9915
732,Curling Club Courtyard,40.75129,-74.032616
733,MTA - M31,40.76684,-73.95364
734,McDonald's,40.753418,-73.98088
735,Cascina,40.718895,-73.997375
736,Jersey City Public Library - Five Corners Branch,40.73502,-74.05973
737,McDonald's,40.7296,-73.86259
738,Paragon Acura,40.753323,-73.904785
739,Z-One Diner & Lounge,40.60421,-74.16213
740,Lots-O-Bagels,40.76227,-73.925934
741,Savor Fusion,40.755272,-73.82804
742,Mobil Gas Station,40.89501,-73.88224
743,Lure Fishbar | Seafood,40.724636,-73.998405
744,Staples,40.95741,-73.84306
745,Yoga at the Great Lawn,40.77856,-73.96987
746,Brookstone,40.738056,-73.61331
747,Washington Commons,40.675465,-73.96358
748,Three Ocean,40.71548,-73.997536
749,Hurricane Irene,40.795273,-73.809715
750,AT&T,40.86092,-73.97069
751,Bank Of America,40.756477,-73.92992
752,Dean & Deluca,40.70815,-74.01151
753,US Post Office - West Side Station,40.743298,-74.03484
754,JFK Stadium,40.750813,-74.03227
755,Creed Boutique,40.7684,-73.9677
756,Squisito,40.74743,-73.98216
757,The Onion,40.723095,-73.998184
758,Joe's Pub,40.729298,-73.99183
759,Subway,40.74186,-73.64054
760,Dunkin' Donuts,40.752373,-73.915215
761,San Loco,40.728283,-73.987885
762,Virgin America Flight 251,40.6424,-73.7813
763,HSBC Bank,40.612556,-73.98284
764,Washland Laundromat,40.763344,-73.99271
765,Chelsea Waterside Park  Playground,40.74926,-74.00702
766,William Tecumseh Sherman Monument,40.764065,-73.97365
767,Cafe SFA,40.758327,-73.97719
768,L'Oreal Le cafe,40.756554,-73.978065
769,International Great Beer Expo,40.78826,-74.042656
770,Garden City Country Club,40.724396,-73.66471
771,Primo Cappuccino,40.749973,-73.99211
772,Satya Jewelry,40.73349,-74.00435
773,Valley Stream Sunoco,40.650494,-73.69091
774,Cabrito,40.72997,-74.00358
775,Mr. John's Unisex Hairstylist,40.732983,-73.99022
776,Nail It,40.7169,-73.958725
777,Dunkin' Donuts,40.84934,-73.883415
778,Dunkin' Donuts,40.749386,-73.86962
779,Campus Deli Corp.,40.8217,-73.950935
780,Soiffer Haskin,40.751823,-73.99439
781,BQE Exit 39,40.740818,-73.898766
782,The Kew Club,40.70579,-73.83066
783,Qdoba Mexican Grill,40.734707,-73.99236
784,Backyard Pub,40.910027,-73.78052
785,53rd & 3rd,40.758076,-73.96987
786,The Sheffield,40.766933,-73.984245
787,Mill Pond Park,40.82217,-73.93118
788,Bread Plus Bakery,40.58837,-73.98468
789,Quiznos,40.752327,-73.99405
790,Armando's,40.850723,-73.967514
791,MTA S53 to SI,40.622185,-74.02852
792,Jim Caruso's Cast Party at Birdland!,40.75878,-73.989555
793,Whitepoint Shopping Center,40.78681,-73.83555
794,Banana King,40.655384,-74.19345
795,Barnes & Noble,40.592457,-74.16286
796,Jersey City - 07305,40.697506,-74.0802
797,Cohen's Fashion Optical,40.735832,-73.99366
798,Archstone Midtown Gym,40.761814,-73.986084
799,Avis,40.785187,-73.97518
800,Birthplace of Hip Hop,40.855495,-73.9176
801,Halal Food,40.754795,-73.98771
802,Ivy Bakery,40.6228,-74.03163
803,Hillside Car Wash,40.70377,-73.82367
804,Duke's,40.73761,-73.98794
805,Cosi,40.705254,-74.01147
806,Bar 4,40.663315,-73.9846
807,La Flor Del Paraiso,40.68577,-73.98171
808,Windsor Wine Shop,40.744694,-73.97882
809,Chase Bank,40.786453,-73.97217
810,Lange's Deli,40.93978,-73.83324
811,Whitestone Bridge Toll Plaza,40.81511,-73.836624
812,The Gap,40.80668,-73.98913
813,Carnegie Hall Tower,40.764717,-73.97981
814,East Market,40.713333,-73.99433
815,Downtown Women OB\/GYN,40.72436,-73.99748
816,The Leo T. Kissam Memorial Library,40.771015,-73.9844
817,Amona Deli & Grocery,40.721714,-73.98434
818,MTA - B1 Bus (Bay Parkway & 86th),40.601994,-73.993645
819,MPE,40.760902,-73.99284
820,5 Penn Plaza,40.751606,-73.99355
821,San Carlos Hotel,40.755993,-73.97149
822,United States Post Office,40.59387,-73.78912
823,Trump Tower Plaza,40.752666,-73.96735
824,Tanaka,40.75615,-73.969246
825,Pep Boys,40.717117,-73.75305
826,MTA Subway - 191st St (1),40.85542,-73.929214
827,BP Gas Station,40.752068,-73.83267
828,McDonald's,40.70118,-73.807785
829,US Post Office,40.84851,-73.93368
830,184 Kent Rooftop,40.718468,-73.96413
831,Monte's,40.61068,-73.97837
832,Weist-Barron,40.756187,-73.98123
833,Peter Luger Steak House,40.777325,-73.72738
834,Chile pepper fiesta,40.668434,-73.963234
835,Hudson Hotel Rooftop,40.768463,-73.98932
836,Ten Over Ten,40.715977,-74.0088
837,Capital One,40.74593,-73.98224
838,Hombres Lounge,40.749954,-73.88082
839,Las Americas Bakery,40.821445,-73.95589
840,General Consulate of Israel,40.750153,-73.97187
841,Central Park- NYRR 8K,40.791004,-73.95378
842,Sakura Nail & Spa,40.77952,-73.95061
843,Dorian Grey,40.727562,-73.983444
844,Quiznos,40.773975,-74.06324
845,Gin Lane Media,40.723446,-73.99276
846,Key Food,40.748287,-73.75641
847,Hiding Gallery,40.699337,-73.94075
848,Crafts on Columbus,40.782078,-73.97524
849,Gateway beach,40.54218,-74.12737
850,Karloff,40.685276,-73.99452
851,El Rey Del Sabor,40.756474,-73.97468
852,Blockbuster,40.661945,-73.695305
853,MTA MaBSTOA Bus Bx3 \/ Bx12 \/ +SBS at West Fordham Road and University Ave,40.86277,-73.90486
854,African Burial Grounds,40.714897,-74.00564
855,Famiglia,40.645676,-73.775856
856,Bakeway NYC 30th Avenue,40.767754,-73.92333
857,Queens Long Island Medical Grp,40.661736,-73.70922
858,Sam Ash,40.746193,-73.601135
859,One Fifth Avenue,40.73175,-73.99609
860,7-Eleven,40.70566,-73.89645
861,110 Gym,40.690838,-73.98979
862,McDonald's,40.70524,-73.65333
863,O&CO.,40.730885,-74.00292
864,403 Broadway Mini Market Deli,40.707172,-73.95377
865,Prospect Heights Animal Hospital,40.679256,-73.974014
866,Happy Wok Restaurant,40.717964,-73.986145
867,CREATETHE STUDIO,40.75152,-74.00537
868,230 Fifth Rooftop Lounge,40.744217,-73.98854
869,Mint Indi-Asian Restaurant & Lounge,40.740383,-73.61647
870,The 40\/40 Club,40.743015,-73.98917
871,Cong Ly,40.71715,-73.99464
872,Chase Bank,40.521828,-74.21562
873,Advantage Toyota,40.661285,-73.685616
874,Mama Sushi,40.866066,-73.92807
875,Village Maria Pizzeria,40.608585,-74.12158
876,Nassau Community College,40.72842,-73.59282
877,MTA Subway - York St (F),40.70182,-73.98687
878,Gate 10,40.649876,-73.781944
879,Merkley + Partners,40.72822,-74.00489
880,Havemeyer Hall - Columbia University,40.809155,-73.96222
881,Lenny's,40.741898,-73.990265
882,Texworld - Javits Center,40.758,-74.00036
883,MTA Bus - M4\/M104 (downtown),40.813694,-73.9599
884,La Quinta Inn & Suites Brooklyn,40.668873,-73.992966
885,Mount Hope Cemetery,40.989326,-73.85838
886,Kitty Kiernan's,40.615288,-74.034454
887,Nublu,40.72267,-73.979904
888,John's Deli,40.633545,-74.141846
889,EmblemHealth,40.703045,-74.00862
890,Burger King,40.658527,-73.89002
891,Chez Josephine,40.7589,-73.99353
892,44 St. Pizza,40.752003,-73.97386
893,(aged.),40.720657,-73.84566
894,Spirit Cruises,40.74784,-74.00935
895,Ditmars Thrift Shop,40.77578,-73.91012
896,Kitchen Arts & Letters,40.784077,-73.952126
897,Vito's Deli,40.84565,-73.83141
898,LIRR - Malverne Station,40.675236,-73.66861
899,Gino's Villa Monte Pizzeria & Restaurant,40.5513,-74.1841
900,10 Exchange Place,40.71672,-74.033005
901,Riposo 72,40.77736,-73.97849
902,Nassau County Department of Social Services,40.724384,-73.602005
903,Gulf Express,40.711563,-73.859375
904,Bayside High School,40.7717,-73.78064
905,Gennaro's Catering Hall,40.625362,-74.00249
906,Exxon Tiger Mart,40.735115,-74.04328
907,Enterprise Rent-A-Car,40.73144,-73.9514
908,La Mia Cucina,40.7894,-74.0567
909,Sophie's Cuban Cusine,40.75556,-73.97074
910,99 John St Lofts,40.708435,-74.00589
911,Ruben's Empanadas,40.70381,-74.01039
912,Applejack Diner,40.76453,-73.982475
913,New York Burger Co,40.747643,-74.00435
914,CVS,40.753574,-73.79272
915,Triple A Restaurant,40.791035,-73.9427
916,Sheep Station,40.679302,-73.981636
917,By Brooklyn,40.682976,-73.99294
918,Le Labo,40.723186,-73.99392
919,Pho 32 & Shabu,40.74756,-73.98611
920,The Nut Box - 8th Street,40.731144,-73.99376
921,Liberty Pizza,40.6935,-73.965965
922,Burger King,40.790615,-73.9458
923,Asics Store NYC,40.7542,-73.98391
924,Pup Slope,40.68015,-73.97479
925,Subway,40.66922,-73.97968
926,Seven Penn Plaza,40.749035,-73.99223
927,Shell Gas Station,40.63375,-74.014984
928,Soutine Bakery,40.77626,-73.98002
929,Carvel,40.687027,-73.660126
930,Hess Gas Station,40.57884,-73.98493
931,Carteret High School,40.580715,-74.2273
932,NYU College of Dentistry - Kriser Dental Center,40.737724,-73.97876
933,Parade Grounds Field 8,40.650284,-73.96839
934,APlus at Sunoco,40.717075,-74.05528
935,Park Plaza Restaurant,40.697895,-73.991646
936,Empanada Mama,40.764217,-73.98832
937,85 West Sports Bar and Grill,40.70955,-74.013885
938,Grand Sichuan,40.760612,-73.99047
939,Gorillacheese truck,40.762875,-73.97879
940,Shula's Steak House,40.75753,-73.98927
941,Holy Child Jesus Church,40.69867,-73.83755
942,Grand Hyatt New York,40.751823,-73.97649
943,No. 1 Chinese Restaurant,40.851185,-73.9394
944,Homura Sushi,40.76213,-73.64629
945,Catch of the Day,40.75746,-73.84563
946,1133 Avenue Of The Americas,40.75583,-73.98377
947,Gulf Express,40.635918,-74.022705
948,Roxy Studios,40.738544,-73.940865
949,Citigroup,40.705173,-74.007515
950,Dunkin' Donuts,40.722992,-73.79952
951,A Salt & Battery,40.738262,-74.002266
952,Octavia's Porch,40.722878,-73.98284
953,Burger King,40.751873,-73.992836
954,The Morgan Library & Museum,40.749367,-73.981895
955,Fatty Snack,40.742588,-73.988945
956,Fresh Super Taco,40.692245,-73.987076
957,Berkeley College Art Gallery: First Floor Lobby,40.753834,-73.97961
958,Battery Park City Esplanade,40.71057,-74.01773
959,Phoenix Garden,40.748707,-73.97399
960,Buon Appetito,40.720688,-74.04285
961,Hertz Rent a Car,40.717705,-74.03695
962,Track 20,40.75285,-73.97708
963,Brooklyn Public Library,40.673996,-73.8722
964,Zeppelin Hall Biergarten,40.71521,-74.04686
965,Goldy + Mac - 7th Avenue,40.66489,-73.98326
966,2011 Susan G. Komen Greater NYC Race for the Cure,40.772675,-73.97102
967,Bergdorf Goodman Holiday Window Displays,40.763332,-73.97389
968,Section 5 Pizza,40.864357,-73.82241
969,The Rusty Knot,40.735218,-74.00995
970,Duane Reade,40.747807,-73.882904
971,Duane Reade,40.761013,-73.97301
972,Mappamondo,40.737286,-74.005325
973,The Concorde,40.7653,-74.00189
974,Flux Studios,40.723045,-73.98544
975,Commodore Barry Park Pool,40.69642,-73.97867
976,St. Nicholas of Tolentine Parish,40.717533,-73.81109
977,52nd and Broadway - Oi! Oi!,40.76324,-73.98489
978,Clyde's Chemist,40.77289,-73.96462
979,Yukon Bus Depot,40.575005,-74.165665
980,Gate 12,40.638252,-73.78697
981,Rehoboth Spa Lounge New York,40.737194,-73.99641
982,Domino's Pizza,40.866325,-73.92559
983,Journey's,40.738777,-73.613525
984,Domino's Pizza,40.74419,-73.99536
985,Rafaella On Ninth,40.745224,-74.002174
986,Syrena Bakery,40.727386,-73.945854
987,Eugene Lang Building (Eugene Lang College),40.735363,-73.99746
988,Yoga Vida NYC,40.727036,-73.995255
989,Hutchinson River Parkway,40.905273,-73.81388
990,Met Foods,40.641605,-73.963295
991,Vanilla Cafe,40.74834,-73.87917
992,Health & Harmony,40.732037,-74.006645
993,Cafe Duke,40.72371,-73.99851
994,The Levi's Premium Store,40.741386,-74.00625
995,'wichcraft,40.771015,-73.982414
996,Home Studios,40.738045,-73.99028
997,GameStop,40.81057,-73.95215
998,The Beach,40.57475,-73.95614
999,Great Neck,40.785576,-73.72489
1000,Spice,40.675537,-73.97474
1001,Radio City Apartments,40.76007,-73.98298
1002,McDonald's,40.75446,-73.999344
1003,Red Bull Creation @RedBullCreation #RBcreation,40.72212,-73.95209
1004,JoJo,40.76515,-73.96566
1005,Narita Japanese Restaurant,40.720753,-73.84572
1006,Maxwell's,40.749706,-74.02674
1007,Deli Plus,40.731876,-74.06317
1008,Starbucks,40.71889,-73.58966
1009,Sara beth's Kitchen,40.78386,-73.97742
1010,Yumi Kim,40.772327,-73.958595
1011,Ade's Ski Area,40.730938,-73.98842
1012,Fort Lee High School,40.857628,-73.96545
1013,Miracle Garden,40.722862,-73.9834
1014,On the Move,40.6647,-73.98332
1015,Capital One,40.740078,-74.03
1016,American Eagle,40.77916,-73.777306
1017,John Varvatos SoHo,40.72377,-74.00037
1018,Tony's Brick Oven Pizzeria,40.615143,-74.067345
1019,Dandelion Wine,40.731663,-73.95782
1020,Gate 231,40.757145,-73.99269
1021,Gleason's Gym,40.70244,-73.99015
1022,American Eagle Outfitters,40.928143,-73.85464
1023,Hunters Point Avenue Bridge,40.740818,-73.94069
1024,Bareburger,40.7633,-73.921165
1025,Greenwich House Music School,40.73209,-74.004295
1026,Benihana,40.7631,-73.97706
1027,100% City Car Wash,40.725952,-74.05182
1028,Buckley's Tavern,40.60497,-73.94297
1029,Louis 649,40.725407,-73.97827
1030,Vince,40.72273,-73.99414
1031,Bianca,40.725365,-73.99261
1032,88 Palace Restaurant,40.714024,-73.9941
1033,Cafecito Bogota Restaurant & Bar,40.733593,-73.95482
1034,Brooklyn Industries,40.676422,-73.980545
1035,Sweet Adele's,40.740143,-73.758156
1036,Staples,40.76455,-73.97722
1037,James J Braddock North Hudson County Park Dog Run,40.805443,-74.00255
1038,Cargo Cafe,40.63953,-74.075714
1039,Wimpy's Hamburger Place,40.82853,-73.94524
1040,Concourse C Security Checkpoint,40.776386,-73.8727
1041,John F. Kennedy International Airport (JFK),40.64457,-73.78349
1042,Madison Square Garden,40.75045,-73.99221
1043,OMG Pizza,40.69809,-73.92548
1044,US Post Office,40.568443,-74.11089
1045,Empty Sky: New Jersey September 11th Memorial,40.708233,-74.03519
1046,New York & Company,40.719715,-73.84341
1047,Organique,40.740078,-73.985886
1048,Berry Homes,40.586678,-74.10044
1049,nyma,40.747425,-73.98649
1050,CVS Pharmacy,40.727165,-73.89285
1051,The McGraw-Hill Companies,40.74986,-73.991974
1052,Delta T3 Crew Lounge,40.64012,-73.78701
1053,NYC Department of Education,40.69164,-73.99083
1054,Flute Bar & Lounge (Midtown),40.76381,-73.9822
1055,Staples,40.740856,-73.985855
1056,Queen Mary 2,40.681908,-74.01511
1057,Central Park - Ladies Pavilion,40.777683,-73.972885
1058,Wix Lounge,40.73878,-73.992966
1059,Trevi Nails,40.749783,-73.97699
1060,BP Gas Station,40.725067,-73.99562
1061,Petrides High School,40.608498,-74.10507
1062,Sunslope Car Wash,40.65704,-74.00184
1063,Millennium Honda,40.715782,-73.62946
1064,Arte Cafe,40.778187,-73.978714
1065,Ta Cocina,40.762707,-73.98961
1066,CVS Pharmacy,40.6958,-73.993904
1067,Cigarillos,40.72514,-74.00296
1068,Spoonbill & Sugartown Books,40.716534,-73.95908
1069,Chase Bank,40.866802,-73.92037
1070,Aeropostale,40.73913,-73.613335
1071,Stop & Shop,40.646755,-73.95729
1072,RadioShack,40.726784,-73.95252
1073,New York & Company,40.76275,-73.9157
1074,Vermilion,40.754234,-73.9743
1075,Franks Pizza,40.843437,-73.8361
1076,Red Egg,40.719032,-73.99938
1077,Citibank,40.680077,-73.94471
1078,Ajisen Ramen,40.74673,-73.99219
1079,McDonald's,40.741566,-73.92035
1080,Cafe Today,40.7578,-73.970985
1081,Nature's Gift,40.780243,-73.955154
1082,Lemongrass Grill,40.746136,-73.97943
1083,Lillian Pizzeria,40.71714,-73.85225
1084,Hamilton Square,40.727745,-74.04387
1085,Bluebird Coffee Shop,40.72323,-73.988846
1086,Proline Archery Range,40.684475,-73.84542
1087,Amaranth,40.765625,-73.970535
1088,Dorothy Strelsin Theatre,40.753582,-73.99351
1089,Track 26,40.75298,-73.97734
1090,Le Basket,40.72799,-73.99483
1091,Boom Boom Brow Bar,40.737778,-74.0002
1092,NY Nail Land,40.761204,-73.98393
1093,7-Eleven,40.72475,-73.55732
1094,Flatbush,40.651382,-73.953766
1095,Permanent Mission of Germany to the United Nations,40.75333,-73.96695
1096,Annie Sez,40.56974,-74.109764
1097,The Whiskey Brooklyn,40.721146,-73.956955
1098,London,40.73349,-74.003746
1099,Wendy's,40.70464,-73.64044
1100,Lucky Chengs,40.723164,-73.98764
1101,Yamashiro,40.693474,-73.96661
1102,Hot Bird,40.68184,-73.966774
1103,Papyrus,40.74099,-73.9941
1104,Dealy Hall,40.86128,-73.88602
1105,Heckscher Field,40.769833,-73.97709
1106,akita,40.780464,-73.94682
1107,7-Eleven,40.740257,-73.98611
1108,285 Kent Ave.,40.71524,-73.966576
1109,MSNBC Studios,40.759495,-73.979836
1110,Casaville,40.745193,-73.97559
1111,McCoys Irish Pub,40.764202,-73.98834
1112,Roebling Inn,40.691086,-73.99718
1113,El Grill,40.767162,-73.921814
1114,Gateway National Recreation Area,40.582897,-73.88649
1115,Alley Pond Park Trail,40.750217,-73.742424
1116,GameStop,40.566357,-74.11073
1117,Bergenline Avenue Light Rail Station,40.782135,-74.021835
1118,Ugly Kitchen,40.72657,-73.98595
1119,Chameleon Spa and Nails,40.732243,-73.98185
1120,Two Times Square,40.75977,-73.98471
1121,Panopolis Bakery & Cafe,40.64144,-73.78272
1122,B&J Fabrics,40.753544,-73.98867
1123,McDonald's,40.736755,-73.86537
1124,La Carafe,40.760723,-73.990974
1125,Fives at The Peninsula Hotel,40.76173,-73.97508
1126,La PequeAa Colombia,40.74789,-73.8821
1127,MTA Subway - Broad St (J\/Z),40.70641,-74.01103
1128,Ashton's Alley,40.755486,-73.97037
1129,The Big Gay Ice Cream Truck,40.73698,-73.99034
1130,Rupert Plaza Garage,40.827766,-73.92979
1131,Champion Food Supermarket,40.745472,-73.90463
1132,Soy,40.718647,-73.98629
1133,KFC,40.76292,-73.916084
1134,2 World Financial Center,40.71281,-74.0153
1135,Twenty Four 7,40.721626,-74.04404
1136,The Brews Brothers,40.76399,-73.77082
1137,Steamer's Landing,40.71131,-74.01782
1138,AnimA,40.69331,-73.96714
1139,US Post Office,40.84648,-73.89376
1140,Time Warner Cable Store,40.794582,-73.97185
1141,Patisserie Claude,40.73262,-74.00193
1142,MTA Subway - 18th Ave (F),40.63073,-73.97717
1143,Famous Footwear,40.751404,-73.991844
1144,Pit Stop Bar,40.727993,-73.9503
1145,Shaolin\/Staten Italy,40.631336,-74.188416
1146,viang ping,40.76932,-73.95802
1147,Greene Hill Food Coop,40.682613,-73.96104
1148,A Cafe,40.80045,-73.962006
1149,Willburg CafA,40.7114,-73.94731
1150,Roomorama,40.728725,-73.98794
1151,Europa Bar - Gentlemens Club,40.698925,-73.809654
1152,Rainbow - Fulton Mall,40.69074,-73.98546
1153,Central Park West - W 95th St,40.79101,-73.96521
1154,Linwood Pizza,40.86122,-73.97026
1155,Howard Beach,40.658665,-73.8492
1156,Everyday Health Inc,40.727875,-74.00764
1157,Concord Market,40.696186,-73.98732
1158,El Castillo de Jagua,40.71988,-73.98772
1159,Fordham University - Rose Hill,40.860764,-73.88461
1160,Godiva Chocolatier,40.7596,-73.97943
1161,Track 28,40.753895,-73.9766
1162,Rosella's Pizzeria,40.710426,-74.0058
1163,Wells Fargo,40.707157,-73.63144
1164,Babouche,40.677654,-73.97959
1165,Buongiorno Espresso Bar,40.75588,-73.994705
1166,Wendy's,40.53123,-74.2799
1167,Governors Ball Music Festival,40.688736,-74.01539
1168,Coco Roco,40.67081,-73.98499
1169,Jenny's Farm,40.623013,-74.02531
1170,Duane Reade,40.704556,-74.00708
1171,Time Out NY,40.7263,-73.99663
1172,Tsa Grope,40.774544,-73.87231
1173,135 West 50th Street,40.760387,-73.98196
1174,Our Lady of Angels R.C. Church,40.873512,-73.90134
1175,Vinnie's Pizzeria,40.72593,-73.94176
1176,Pelham,40.91533,-73.807915
1177,Galaxy Comics,40.673363,-73.976265
1178,Penn Station Track 3,40.751225,-73.99395
1179,Walt Whitman Theatre,40.63119,-73.9489
1180,Exstaza,40.72202,-73.9998
1181,Papaya Dog,40.731674,-74.00108
1182,MTA Bus - M11 (Downtown) - 9th Ave @ 42nd,40.758507,-73.992516
1183,Hell Gate Social,40.772446,-73.92924
1184,Breitling Boutique,40.762737,-73.97343
1185,Bank of America,40.753212,-73.98899
1186,Northeast Kingdom,40.70648,-73.92288
1187,Fat Sal's,40.729313,-73.98112
1188,Magnet Improv Training Center,40.74942,-73.99464
1189,Comptoir des Cotonniers,40.733894,-74.00441
1190,McDonald's,40.81363,-73.98393
1191,Gennaro's Brick Oven Pizza,40.867615,-73.82785
1192,Jivamuktea Cafe,40.734173,-73.9909
1193,Sushi Siam,40.74415,-73.953636
1194,Johnny's Famous Reef Restaurant,40.838066,-73.7827
1195,Egg Rolls & Egg Cream Festival,40.71495,-73.993614
1196,Dallas BBQ,40.77693,-73.9775
1197,Astoria Grocery & Deli,40.77037,-73.917946
1198,Guacamole Restaurant,40.759228,-73.919426
1199,Penelope,40.743855,-73.98163
1200,Nargis Cafe,40.587765,-73.9604
1201,Bistro Vendome,40.759064,-73.961784
1202,East Green,40.771378,-73.96883
1203,Lucille Roberts,40.71059,-74.007935
1204,Hess,40.72965,-73.74445
1205,In The Air -JFK,40.641315,-73.787476
1206,Chase Bank,40.690754,-73.95335
1207,UBS,40.76097,-73.98044
1208,Swiss Tavern,40.664402,-73.660065
1209,Horace Harding Expressway,40.73786,-73.85158
1210,McDonald's,40.684483,-73.97751
1211,68 Jay St Bar,40.70308,-73.986694
1212,The Vanderbilt Building,40.748898,-73.974174
1213,Thai Boulevard,40.714687,-73.83182
1214,Arcadia,40.760094,-73.98625
1215,Conversation,40.741665,-73.990456
1216,10 Plaza Street East,40.675655,-73.97095
1217,Madison Medical Practice,40.751587,-73.980385
1218,Duane Reade,40.867184,-73.89718
1219,Ninh's Vietnamese Sandwich & Bubble Tea,40.743298,-73.97677
1220,Worlds Fair Playground,40.728333,-73.83973
1221,Fitness Center,40.721615,-73.59859
1222,LensCrafters,40.734623,-73.86898
1223,NYU Wagner - Robert F. Wagner Graduate School of Public Service,40.72498,-73.995445
1224,Brooklyn Boulders,40.679565,-73.98417
1225,The Engadget Show,40.756,-73.9903
1226,Double Cross Lounge,40.734455,-73.99204
1227,UrbanDaddy HQ,40.73882,-73.98998
1228,Imagination Playground at Burling Slip,40.706196,-74.0041
1229,James Hall,40.631706,-73.95321
1230,Vitamin Shoppe,40.75809,-73.77775
1231,Diesel,40.76081,-73.9756
1232,Church of the Incarnation,40.74844,-73.98224
1233,3 Park Avenue,40.746483,-73.9812
1234,ActorsFCU,40.758636,-73.98515
1235,Butterfield Market,40.774113,-73.95955
1236,St. Mark's Sounds,40.729057,-73.98866
1237,UGG Australia,40.774418,-73.98105
1238,Omni Building,40.725113,-73.593895
1239,Men's Wearhouse,40.5861,-74.16735
1240,St. Charles Borromeo,40.692577,-73.99402
1241,Church Lounge,40.719395,-74.00486
1242,Embassy CES,40.747738,-73.9932
1243,Express,40.58156,-74.16517
1244,Totonno's Pizzeria Napolitano,40.739906,-73.97945
1245,Crumbs Bake Shop,40.752815,-73.98732
1246,Yigal Azrouel,40.741074,-74.00557
1247,AT&T,40.75796,-73.97342
1248,Sylvia's,40.808754,-73.9446
1249,German House,40.752922,-73.96702
1250,Tacos Matamoros,40.647774,-74.007576
1251,Chiptole,40.752182,-73.993454
1252,Earth,40.68949,-74.08676
1253,Jimbo's Hamburger Palace,40.828728,-73.93789
1254,Manhattan Center Studios,40.75223,-73.994026
1255,Dunkin' Donuts,40.737293,-74.03734
1256,La Galette Restaurant,40.788197,-73.94892
1257,Samad's Gourmet,40.805084,-73.96616
1258,MTA Bus Stop - Hoffman Dr & Woodhaven Blvd (Q11\/Q21\/Q29\/Q38\/Q52LTD\/Q53LTD),40.733208,-73.8713
1259,AT&T,40.602875,-73.99541
1260,Cola's,40.741886,-74.00123
1261,Palisades Interstate Park,40.877632,-73.94681
1262,Zen Palate,40.760963,-73.99071
1263,Save Khaki,40.72551,-73.99513
1264,Brooklyn Bridge Boot Camp,40.712055,-74.004555
1265,Mrs. Fields Cookies,40.74937,-73.98798
1266,LIRR - Hunterspoint Ave Station,40.74225,-73.947044
1267,Permanent Brunch & Burger,40.726154,-73.98605
1268,MTA Q83 bus,40.702835,-73.79857
1269,Verizon FIOS,40.707798,-73.628914
1270,Butterfly Studio Salon,40.74037,-73.99035
1271,Empire State Building,40.74828,-73.985565
1272,Bagel Factory,40.663628,-73.991066
1273,BKLYN Larder,40.680656,-73.97482
1274,Chase,40.704365,-73.799736
1275,Storefront Bushwick,40.703373,-73.93042
1276,Social Media Week at New York Stock Exchange,40.707382,-74.010796
1277,Hot & Crusty,40.79979,-73.96814
1278,St. Ann's Festival Beer Garden,40.746277,-74.03671
1279,Gem Spa,40.729027,-73.98759
1280,Dunkin' Donuts,40.708286,-73.68121
1281,Pinky Nail Salon,40.779198,-73.98148
1282,B 62\/B 43 Bus Stop Manhattan Ave & Greenpoint Ave,40.730225,-73.95421
1283,Sutton East Tennis Club,40.75906,-73.96018
1284,Tip Top Bar & Grill,40.683834,-73.95638
1285,Bubbles II,40.75236,-74.04785
1286,William Alexander School MS 51,40.67227,-73.98468
1287,Laundry 204,40.676437,-73.980286
1288,Starbucks,40.76418,-73.98259
1289,KFC,40.727062,-73.71056
1290,Sugar Club,40.7435,-73.88329
1291,Morningside Heights,40.804867,-73.96619
1292,Red Hook,40.673004,-73.99963
1293,Mobil Gas Station,40.72355,-73.72786
1294,New York Sports Club,40.72127,-73.846924
1295,Shareen Vintage,40.738224,-73.99322
1296,la.venue,40.75189,-74.00545
1297,Chase Bank,40.712166,-73.78603
1298,MTA Subway - 96th St (B\/C),40.79165,-73.964714
1299,MetroTech Commons,40.693916,-73.985664
1300,Chase Bank,40.6731,-73.9764
1301,Dunkin' Donuts,40.715908,-74.004524
1302,Nome Superette & Deli,40.589966,-74.16495
1303,Stonestreet Studios,40.74112,-73.99284
1304,Billy Johnson Playground,40.769352,-73.969795
1305,The Cafe Grind,40.756134,-73.99784
1306,1095 Park Avenue,40.781826,-73.95556
1307,Outlier,40.717068,-73.94821
1308,MTA Subway - Grand Ave\/Newtown (M\/R),40.73695,-73.87722
1309,Jackson Pond Playground,40.70108,-73.84158
1310,AT&T,40.777813,-73.98217
1311,Twin Park Fitness,40.731113,-73.69321
1312,MTA Bus Stop - Q25\/Q34,40.719646,-73.80907
1313,Verizon Wireless,40.855885,-73.96753
1314,Station 171 Lombardy,40.72365,-73.933945
1315,JFK Terminal 2 Baggage Claim E2,40.6419,-73.78873
1316,ShopRite,40.62657,-73.97697
1317,Brooklyn Bread,40.671066,-73.98487
1318,Cohen's Fashion Optical,40.73792,-73.612656
1319,Brad's Cafe,40.729935,-73.99404
1320,Azuki,40.753494,-73.992676
1321,Metropolitan Community Church,40.75557,-73.99746
1322,Sabor a Mexico,40.779816,-73.94728
1323,Shubert Alley,40.75815,-73.98694
1324,Igor's Clean Cuts,40.723503,-73.98825
1325,Pinisi Bakery,40.72555,-73.9875
1326,Apicius Pizza,40.774857,-73.90344
1327,Smythson,40.763103,-73.974106
1328,Hammacher Schlemmer,40.760902,-73.96871
1329,City of New York Manhattan Business Center,40.70885,-74.00777
1330,Gene Frankel Theater,40.72657,-73.99396
1331,Create,40.764996,-73.91722
1332,Taqueria Cocoyoc,40.702312,-73.915955
1333,PureNY Nightclub,40.759922,-73.90116
1334,JetBlue Baggage Claim,40.64579,-73.77677
1335,Bond 07,40.726814,-73.9945
1336,Oasis Bar at the W,40.7559,-73.972374
1337,Dunkin' Donuts,40.86558,-73.86737
1338,The Renaissance,40.578453,-74.10197
1339,KFC Kentucky Fried Chicken,40.570843,-74.109764
1340,KFC,40.76524,-73.81275
1341,Albertson Post Office,40.767715,-73.64777
1342,'wichcraft,40.72394,-73.996925
1343,Petrossian Boutique & Cafe,40.765873,-73.979836
1344,Jubilee Marketplace,40.708263,-74.00628
1345,Lilly Coogan's,40.72661,-73.98659
1346,Candy Lounge,40.85827,-73.88514
1347,Sonar Intergalactic HQ,40.745922,-73.98436
1348,Armani Exchange,40.73711,-73.61167
1349,McDonald's,40.696507,-73.74324
1350,Washington Heights 175th Street.,40.8465,-73.939064
1351,MTA Subway - 169th St (F),40.710636,-73.79437
1352,XVI Lounge NYC,40.76088,-73.98655
1353,Murphy's,40.74612,-73.91546
1354,Beard Papa's,40.781948,-73.980835
1355,Green Village Fruits & Vegetables,40.730736,-74.0026
1356,Murano,40.75252,-73.9901
1357,European Wax Center - Staten Island,40.57311,-74.10726
1358,Rolen Bagels,40.886627,-73.907265
1359,Lobster Joint,40.735405,-73.95524
1360,McDonald's,40.69255,-73.68374
1361,Lee's Toyota,40.70459,-73.81497
1362,Hare Krishna Temple Cafeteria \/ Govinda's Kitchen,40.68753,-73.98208
1363,Brooklyn Flea Market,40.687416,-73.96922
1364,Chase Bank,40.73753,-73.98831
1365,MTA Regional Bus Depot - 126th Street,40.802982,-73.93282
1366,Gate C3,40.775654,-73.87289
1367,Le Pain Quotidien,40.76018,-73.981575
1368,Quest Diagnostics,40.737118,-73.984215
1369,Electric Room,40.74213,-74.00352
1370,PetSmart,40.791817,-74.04811
1371,Bobby Van's,40.759453,-73.97079
1372,Ann Taylor,40.757004,-73.98234
1373,Louie's Dale Diner,40.878788,-73.90439
1374,Key Food,40.61926,-73.9255
1375,Trixie + Peanut,40.739025,-73.989174
1376,CJ's Bar & Lounge,40.671955,-73.84292
1377,Whitestone Expressway,40.774563,-73.829155
1378,Cafe Hanover,40.704952,-74.00914
1379,Cercle Rouge,40.719795,-74.00608
1380,Downtown Music,40.721645,-73.99993
1381,Palmer Trading Company,40.7269,-74.002075
1382,gulf gas station,40.693344,-73.97014
1383,Judson Memorial Church,40.73019,-73.9983
1384,Kastel Lounge at Trump Soho,40.72534,-74.00569
1385,Red Stone Pizzeria,40.75692,-73.97614
1386,1600 Stewart Ave,40.736195,-73.58313
1387,Subway,40.688198,-73.98048
1388,Lobby Lounge at Mandarin Oriental Hotel,40.76849,-73.98251
1389,Dunkin' Donuts,40.767586,-73.989746
1390,The Yoga Room,40.755386,-73.92262
1391,CDMiConnect,40.728073,-74.00511
1392,TD Bank,40.66791,-73.70756
1393,Staten Island Physician Practice,40.528633,-74.16588
1394,Aki Sushi 2,40.76448,-73.987495
1395,Beer,40.75192,-74.00533
1396,Northside Car Service,40.716976,-73.95878
1397,Pathmark,40.721764,-73.56381
1398,Wet Seal,40.736954,-73.611916
1399,Halsey Street Grill,40.68247,-73.943535
1400,Panera Bread,40.740383,-74.030365
1401,The Red Steps at Times Square,40.75917,-73.98493
1402,Fatty's Cafe,40.7789,-73.9141
1403,New York Public Library - Throg's Neck,40.822903,-73.819374
1404,City Sports,40.749393,-73.98361
1405,Credit Suisse (1 Madison Ave),40.74111,-73.987595
1406,Citibank,40.750656,-73.978584
1407,475 Kent Ave,40.707375,-73.96826
1408,Gregory's Coffee,40.75437,-73.98818
1409,Paris Baguette,40.850216,-73.99613
1410,ACA Galleries,40.746338,-74.00672
1411,Collins Theater,40.86287,-73.88643
1412,Marine Corps Recruiting,40.73187,-74.066795
1413,Aerosoles,40.74072,-73.99018
1414,Hudson River Promenade,40.709084,-74.01839
1415,McGarry's Pub,40.753025,-73.9968
1416,The Kosher Marketplace,40.79109,-73.97441
1417,2 Gold Solarium,40.70746,-74.00689
1418,Citibank,40.733234,-73.78349
1419,Hudson River Trail,40.71215,-74.01668
1420,Smith St,40.51256,-74.27841
1421,American Folk Art Museum,40.76164,-73.97847
1422,Lee's Art Shop,40.765835,-73.98107
1423,Perks - UWS,40.80943,-73.95361
1424,Village Pop Tattoo NYC,40.730915,-74.0015
1425,Little Food Cafe,40.657654,-74.130226
1426,The Rockaways,40.574112,-73.84942
1427,Chilifest 2011,40.741764,-74.005
1428,Naya Mezze & Grill,40.75833,-73.96605
1429,Zaro's Bakery,40.753075,-73.9776
1430,Junior's Restaurant,40.69014,-73.98198
1431,Archstone Clinton Gym,40.76632,-73.99131
1432,7 World Trade Center,40.712986,-74.011826
1433,Music Garage,40.711327,-73.960815
1434,Nissan of Staten Island,40.595642,-74.08257
1435,Panera Bread,40.52623,-74.23063
1436,Reciprocal Skateboards,40.72933,-73.98378
1437,NYPD Tow Pound,40.75857,-74.004074
1438,Giant Car Wash,40.640938,-73.969604
1439,Organics For All,40.76268,-73.916176
1440,East River Ferry Terminal North 6th Street\/North Williamsburg Landing,40.720818,-73.964554
1441,Guess,40.737354,-73.6124
1442,Jackson Hole (Madison Ave),40.78398,-73.956535
1443,Okeh Records,40.75618,-73.98073
1444,Art Director's Club,40.74694,-73.99046
1445,Hell's Kitchen Pizza,40.76289,-73.99283
1446,Rock & Rose Live Music and Karaoke,40.756783,-73.96686
1447,King Of Falafel & Shawarma,40.76239,-73.9264
1448,Heaven,40.600113,-73.96168
1449,Luigi's Pizza,40.777393,-73.963615
1450,Central Park West,40.768646,-73.98086
1451,Dance With Me,40.722603,-74.00008
1452,TD Bank,40.7164,-73.99606
1453,Suit Supply,40.72226,-74.0005
1454,Leatherman,40.733223,-74.005196
1455,Bistro Marketplace,40.751442,-73.97805
1456,Dailycandy HQ,40.724724,-73.99728
1457,Hudson Guild - John Lovejoy Elliott Center,40.74924,-74.00163
1458,Ceci Italian Cuisine,40.75695,-73.98118
1459,MTA Subway - 86th St (N),40.592983,-73.97846
1460,Second Stroke Mopeds,40.695827,-73.93303
1461,Big Cinemas Manhattan,40.76122,-73.965004
1462,Arno Ristorante,40.753292,-73.98824
1463,Zarkana by Cirque du Soleil,40.7598,-73.97984
1464,Linden Cogeneration Plant,40.62348,-74.21683
1465,New York Road Runners Club,40.78287,-73.957794
1466,Social Media Week's Art & Culture Hub at Hearst,40.766453,-73.98324
1467,Klapper Hall,40.735954,-73.8162
1468,Hell - Enjoying The Rapture,40.72778,-73.98102
1469,'wichcraft,40.755157,-73.97425
1470,Lamazou,40.741283,-73.9814
1471,St. Kevin R.C. Church,40.755554,-73.7869
1472,11th Street Cafe,40.735626,-74.00755
1473,Bond St Lounge,40.726772,-73.994286
1474,Golden Krust Caribbean Bakery and Grill,40.73161,-74.06481
1475,60 Thompson-A Thompson Hotel,40.72393,-74.00334
1476,Dunkin' Donuts,40.68584,-73.91585
1477,Burger King,40.82266,-74.03013
1478,Tommy Hilfiger,40.72341,-74.00292
1479,Kiehl's,40.77406,-73.981186
1480,Daily Soup - 54th,40.764854,-73.98316
1481,Place@Main,40.76216,-73.83122
1482,Maharlika (Filipino Monderno),40.730133,-73.98387
1483,Dunkin' Donuts,40.598232,-73.99731
1484,Ortobello's,40.61448,-73.9808
1485,Nissan Of Queens,40.68109,-73.84576
1486,Abercrombie & Fitch,40.707207,-74.00395
1487,Myrtle Avenue Restaurant,40.700565,-73.90198
1488,Trinity Grace Westside,40.788864,-73.97747
1489,Sportime,40.65835,-73.66445
1490,Spirit Of New Jersey,40.759674,-74.018845
1491,Stinky Bklyn,40.684498,-73.99191
1492,Hot & Crusty,40.731174,-73.982506
1493,Dunkin' Donuts,40.73555,-73.873276
1494,Freddy's Bar,40.66337,-73.991325
1495,Van Wyck Expressway,40.693542,-73.811584
1496,Mehfil,40.749287,-73.88971
1497,University Towers,40.692226,-73.97915
1498,Gap,40.927975,-73.8531
1499,Key Food,40.656597,-73.97761
1500,Booker and Dax at SsAm,40.73181,-73.98579
1501,Frederick P. Rose Auditorium,40.728634,-73.99076
1502,Petland Discounts,40.76336,-73.98891
1503,Firefly,40.722084,-73.996735
1504,Joanns Fabric,40.625336,-74.158035
1505,Arts Of Africa,40.778664,-73.964325
1506,Dean Street,40.67759,-73.95114
1507,Cafe Zaiya,40.754044,-73.98451
1508,Pop's Burger,40.718315,-73.95689
1509,Pfizer,40.750946,-73.97575
1510,Taco Bell,40.733788,-73.67863
1511,South 4th Bar & Cafe,40.712494,-73.96448
1512,Indian Creperie,40.729347,-74.00139
1513,Thomas Greene Playground,40.679928,-73.98442
1514,Element Beauty Lounge,40.73088,-73.9892
1515,DreamIt NYC Summer '11,40.74481,-73.98978
1516,Energy Fuel,40.66384,-73.99094
1517,LaGuardia Airport (LGA),40.773426,-73.870995
1518,Maloney & Porcelli,40.757523,-73.97487
1519,Quatorze Bis,40.77301,-73.95404
1520,La Playa,40.57535,-73.98152
1521,Pho 32,40.84633,-73.998924
1522,New Dorp Lane,40.573246,-74.11461
1523,Olive & Bette's 3rd Ave.,40.76964,-73.96081
1524,Hoboken Library,40.74261,-74.03222
1525,Zip Aviation Helicopter Services,40.754993,-74.00632
1526,Glen Terrace,40.619225,-73.9233
1527,Old Neighbor's Laundry,40.7605,-73.922356
1528,Brooklyn Golf Center,40.5905,-73.90241
1529,LivePerson - Hudson Yards,40.755985,-73.99822
1530,Formaggio Essex,40.719086,-73.98763
1531,Strokos,40.83962,-73.94024
1532,Sally Spa,40.737595,-73.98035
1533,Poland Statue,40.779015,-73.9668
1534,Mercy Medical Center - ER,40.688324,-73.63337
1535,St Johns Marketplace,40.67435,-73.96687
1536,Bay Ridge Lexus,40.63654,-74.01972
1537,Best Buy,40.79513,-73.931015
1538,mizu new york salon,40.762947,-73.96926
1539,Starbucks,40.69467,-73.99408
1540,Universal Studio Screening Room,40.76035,-73.977005
1541,Kasey's,40.65703,-73.64512
1542,Kung Fu Tea (aae),40.63817,-74.006355
1543,Kennedy Fried Chicken and Pizza,40.703285,-73.926445
1544,Shell Gas Station,40.76809,-74.045074
1545,Blick Art Materials,40.726868,-73.994804
1546,Blue Owl,40.731106,-73.985794
1547,Chase Bank,40.837433,-73.88377
1548,Central Park - Children's Zoo,40.76851,-73.97056
1549,Pronto Pizza,40.70986,-74.01232
1550,Captain's Fried Chicken,40.711914,-73.998825
1551,Diane von Furstenberg Studio,40.741352,-74.00709
1552,Dong Bo Sung,40.856335,-73.96676
1553,La Baguette Cafe,40.75441,-73.98659
1554,King's Lounge,40.6468,-73.99683
1555,Fresh Inc,40.77439,-73.981316
1556,Cafe Rossini,40.74183,-73.638794
1557,Taco King,40.74619,-73.714836
1558,Lincoln Square Neighborhood Center,40.774918,-73.98645
1559,1 World Financial Center,40.71119,-74.01487
1560,United States Court House,40.70021,-73.99097
1561,SUBWAY Restaurant,40.64658,-74.019356
1562,Triborough Playground,40.773766,-73.92366
1563,Greenwich Street Tavern,40.720737,-74.01007
1564,Baidu,40.760715,-73.83293
1565,C Town,40.677105,-73.8441
1566,Newsweek \/ The Daily Beast,40.74543,-74.007904
1567,Laurelton,40.669895,-73.75194
1568,Oren's Daily Roast - 3rd Ave.,40.743347,-73.97987
1569,Dream Hotel Room 55 Lounge,40.7642,-73.98236
1570,Court Pastry Shop,40.684,-73.995094
1571,Curry Kitchen,40.733177,-73.99825
1572,Haute Air,40.722664,-74.00435
1573,BJ's Wholesale Club,40.89392,-73.81838
1574,Dragon Bay Bakery,40.6354,-74.00499
1575,Matilda,40.726513,-73.97739
1576,Path Train,40.737972,-74.074776
1577,Angel Tips Nail Spa,40.76001,-73.89198
1578,Five Guys Burgers & Fries,40.778526,-73.77929
1579,MoMA Theater 2,40.761147,-73.97711
1580,Grand Soho Nails,40.726166,-74.0027
1581,Morton Williams,40.73765,-73.98034
1582,NYCHA - Sotomayor Houses,40.82592,-73.868385
1583,Hoyt Playground,40.771313,-73.917435
1584,Angry Wade's,40.684116,-73.992256
1585,On The Ave Hotel,40.782364,-73.98037
1586,Dallas BBQ,40.732838,-73.86375
1587,Fine Fare,40.722145,-73.980316
1588,Nail Sail On 8,40.749474,-73.995285
1589,Associated Supermarket,40.628094,-74.02904
1590,Franky's Souvlaki,40.76136,-73.9167
1591,AMC Loews 84th Street 6,40.786835,-73.97786
1592,First and 62nd Clearview Cinemas,40.76137,-73.96043
1593,Amarachi Lounge,40.688274,-73.95693
1594,McBurney YMCA,40.737694,-73.997635
1595,Spring Street & 6th Avenue,40.725906,-74.00407
1596,LaGuardia Airport- Delta flt 2647,40.760498,-73.859184
1597,Skippy's Hot Dog Truck,40.58218,-74.09708
1598,Mercer Street Park,40.728695,-73.99555
1599,Subway,40.691936,-73.98719
1600,Lyon Bouchon Moderne,40.738415,-74.002106
1601,Sweet Olive,40.735054,-73.980576
1602,Velvet Rope Lounge,40.57763,-73.959366
1603,Mike's Pizza,40.655277,-73.9565
1604,Upstein Food Court,40.731133,-73.995186
1605,Manhattan Plaza Park,40.759716,-73.99397
1606,Cooking with Jazz,40.726658,-73.78842
1607,Grace Church School,40.73188,-73.990166
1608,Q44 Bus Stop,40.760456,-73.83066
1609,Ocean Parkway Bicycle Path,40.629814,-73.97185
1610,Arecibo Car Service,40.672638,-73.98982
1611,14th Street PATH Station,40.73734,-73.99687
1612,Erawan Thai Cuisine,40.76179,-73.770226
1613,Rite Aid,40.62256,-74.004776
1614,Kentucky Derby,40.763996,-73.97115
1615,El Cibao Dominicano Restaurant,40.685772,-73.99108
1616,Parson's Ale House,40.72069,-73.80956
1617,Subway Sandwiches,40.79792,-73.939835
1618,US Open Court of Champions,40.749306,-73.845505
1619,Wheeler's Restaurant,40.58584,-73.951866
1620,RadioShack,40.588875,-74.166664
1621,Fonda,40.66364,-73.9846
1622,Dunkin' Donuts,40.565784,-74.113
1623,ESSENCE Communications,40.760708,-73.98228
1624,Clinton Supermarket,40.718384,-73.985405
1625,Brooklyn Aerodrome,40.713398,-73.959816
1626,Bedford-Stuyvesant YMCA,40.685043,-73.95421
1627,Nail 22,40.73282,-73.98165
1628,Gulf Gas Station,40.69393,-73.81225
1629,Mr Youth - Chelsea Market,40.743225,-74.00663
1630,Rafiqi's Halal Food,40.74605,-73.99435
1631,Cosmetics Market,40.74982,-73.98206
1632,Starbucks,40.84946,-73.97057
1633,C-Town,40.71314,-73.876045
1634,Presidential Towers,40.77864,-73.98603
1635,East Broadway Bakery,40.71665,-73.988785
1636,H&H Kim Market,40.72614,-74.00165
1637,Temple Beth El,40.623592,-73.718506
1638,John Jay College - Gym,40.77022,-73.98811
1639,New Jersey Side,40.869507,-73.97722
1640,Sofitel New York,40.75609,-73.98179
1641,Metro Pictures,40.74881,-74.004875
1642,The Blind Tiger,40.73184,-74.00336
1643,McDonald's,40.644154,-73.78216
1644,OMG Jeans,40.74368,-73.99588
1645,Brooklyn Gourmet Deli,40.713146,-73.962166
1646,Moonrock Diner,40.767105,-73.98373
1647,El Presidente,40.839367,-73.941086
1648,Kmart,40.751575,-73.99201
1649,QCC Administration Building,40.755394,-73.75667
1650,Peaches Natural Yogurt Cafe,40.794197,-73.97201
1651,Sweet & Social,40.93205,-73.75943
1652,Social Security Office,40.70295,-73.80079
1653,Confucius Plaza,40.71486,-73.996414
1654,La Bagel Delight,40.67355,-73.976105
1655,Bakhter Afghan Halal Kababs,40.733234,-73.79463
1656,Burrito Joint,40.742867,-73.98238
1657,Canlon's,40.565105,-74.12678
1658,Zipcar,40.748127,-73.988106
1659,Hoboken Waterfront,40.736732,-74.02734
1660,Starbucks,40.71552,-74.00322
1661,Sushi Tokyo,40.624783,-73.96507
1662,Cold Stone Creamery,40.6569,-73.67212
1663,Ward III,40.71582,-74.00887
1664,Mary's Coffee Shop,40.714268,-74.005974
1665,irregular choice london,40.72393,-73.99625
1666,City Council Offices,40.712822,-74.00754
1667,Sunoco,40.668686,-73.92149
1668,MTA Bus -  M15 (East Harlem),40.763935,-73.95863
1669,Quality Inn,40.7519,-73.93463
1670,GUESS by Marciano,40.722675,-73.99912
1671,Spectacle Theater,40.71259,-73.96272
1672,Wong Wah Bakery,40.71528,-73.993126
1673,The Prime Grill,40.756912,-73.975426
1674,St. Patrick's Youth Center,40.724155,-73.99502
1675,Starbucks,40.75571,-73.923225
1676,Pizza Chef,40.885662,-73.91024
1677,Bobbi Brown,40.724606,-73.997734
1678,The Nolen Library at The Metropolitan Museum of Art,40.778755,-73.96357
1679,Kids 'n Action,40.62533,-73.97606
1680,O'Casey's,40.75255,-73.980194
1681,Wendy's,40.742943,-73.91999
1682,Brueklen Houses,40.651035,-73.895386
1683,P.C. Richard & Son,40.68386,-73.97739
1684,Pace University Birnbaum Library,40.7108,-74.00472
1685,Central Park - The Arcade,40.77401,-73.972534
1686,Petland Discount,40.87797,-73.90527
1687,The Brews Brothers,40.775036,-73.95393
1688,Nine West,40.7244,-73.99747
1689,Williamsbridge Reservoir Oval,40.877373,-73.87748
1690,City Winery,40.726357,-74.00576
1691,Residence Inn Newark Elizabeth\/Liberty International Airport,40.663364,-74.17826
1692,CVS\/pharmacy,40.666218,-74.11873
1693,Prospect Park Picnic House,40.665592,-73.97127
1694,LaRocca's,40.57421,-74.0964
1695,Beach Bum Tanning,40.720234,-73.84207
1696,Transit,40.719036,-74.002205
1697,Miss Hoe,40.72228,-73.99326
1698,Hookah Loopah Lounge,40.709633,-73.84503
1699,Orange Grill Brooklyn,40.59125,-73.992134
1700,Asphalt Green,40.779095,-73.9447
1701,Party City,40.811752,-73.98227
1702,Yuzu,40.716465,-73.56127
1703,Hoboken Pizza,40.736824,-74.0304
1704,Duane Reade,40.758957,-73.918945
1705,Saint Nicholas of Tolentine Church,40.8626,-73.90581
1706,The Garden Vet,40.677567,-73.99817
1707,Sun's Organic Tea Shop,40.715717,-73.998665
1708,Brooklyn Collective,40.68468,-74.00268
1709,Martyr's Court,40.86255,-73.88801
1710,Central Cafe & Deli,40.75318,-73.97802
1711,Sweet Revenge,40.729942,-74.00422
1712,Capital One Bank,40.749557,-73.992455
1713,34 Shelter Rock Road,40.774086,-73.67092
1714,Asia Market Corporation,40.716118,-73.99908
1715,Voting at PS 116,40.744858,-73.97821
1716,Pediatrics Associates,40.67601,-73.97036
1717,QQ Nails and Spa,40.74498,-73.99881
1718,HSBC Premier Center,40.752453,-73.9821
1719,CafA Duke,40.7614,-73.98193
1720,AMNH Mexico And Central America,40.780655,-73.97532
1721,Cebado Barcelona,40.740593,-73.98618
1722,Monaco's Bakery & Cafe',40.624073,-74.03075
1723,McDonald's,40.745686,-73.90681
1724,Gate C41,40.64929,-73.79418
1725,Donnybrook,40.720184,-73.98455
1726,cellar bar,40.933826,-73.758804
1727,Lykke Li Summerstage In Central Park!,40.77241,-73.970245
1728,alcala,40.752136,-73.96866
1729,Men's Warehouse,40.869225,-73.83099
1730,Magnolia Restaurant & Bar,40.666397,-73.985374
1731,Le Chateau,40.727,-74.038246
1732,Track 114,40.749744,-73.97902
1733,Applebee's Neighborhood Grill & Bar,40.74615,-73.501114
1734,Anna Silver Public School 20,40.721195,-73.98684
1735,MTA Bus - B41 - Flatbush Av & Midwood St,40.661015,-73.96174
1736,Alexander McQueen,40.74129,-74.0063
1737,NBC Experience Store,40.75872,-73.97891
1738,French Institute Alliance FranAaise (FIAF),40.76401,-73.97051
1739,Mulberry Meat Market,40.716827,-73.9989
1740,Midtown Tennis Club,40.74746,-73.997025
1741,Vegas Diner,40.610004,-74.00674
1742,Burger King,40.876984,-73.84611
1743,Clandestino,40.714615,-73.991066
1744,RadioShack,40.7675,-73.98432
1745,Five Guys,40.786827,-73.83639
1746,CityStore,40.713043,-74.00401
1747,Il Bacco,40.77076,-73.73487
1748,Anotheroom,40.71997,-74.0057
1749,McDonald's,40.731346,-73.98228
1750,Atlantic Ocean,40.572044,-73.97601
1751,Bar Sfizi Pizza,40.71874,-74.005135
1752,Cabana Restaurant & Bar,40.72098,-73.84542
1753,Sarah Cafe,40.769184,-73.98905
1754,Dunkin' Donuts,40.732162,-73.68824
1755,Riposo 46,40.76109,-73.99057
1756,7 Eleven\u200e,40.60678,-73.961876
1757,Mashable Social Media Day 2011,40.721924,-73.95759
1758,Syfy Channel,40.759026,-73.979576
1759,1212 Avenue of the Americas,40.75853,-73.98137
1760,Gun Bar,40.739502,-74.006355
1761,Brooklyn Taco Co.,40.719055,-73.98765
1762,United States Post Office,40.68018,-73.847435
1763,Nelly's Corner,40.70126,-73.8165
1764,APlus at Sunoco,40.560505,-74.16271
1765,Amici 36,40.75338,-73.99275
1766,Party City,40.633953,-73.74
1767,Levien Gymnasium,40.80933,-73.961845
1768,Lot 2,40.660797,-73.99034
1769,Subway Restaurant,40.718105,-73.7367
1770,MTA Subway - 155th St (B\/D),40.82943,-73.93736
1771,Jewish Center,40.786995,-73.97325
1772,Chase Bank,40.774433,-74.03326
1773,Nippon Photo Clinic Service,40.7398,-73.98954
1774,Apollo Music Cafe,40.809937,-73.950424
1775,X1 Express Bus,40.721146,-74.00034
1776,Rainbow Laundromat,40.783173,-74.023026
1777,GLO Nightclub,40.741795,-73.58608
1778,Paxos,40.93437,-73.899445
1779,Petco,40.59707,-73.98508
1780,Knights of Columbus,40.670574,-74.11642
1781,King Kullen,40.54574,-74.16067
1782,Joe Coffee,40.746605,-74.00167
1783,Dare Devil Tattoo,40.72162,-73.98766
1784,Lenny's,40.75852,-73.98055
1785,Bank of America,40.71942,-74.00185
1786,Cold Stone Creamery,40.73802,-74.03064
1787,45 Rockefeller Plaza,40.75906,-73.977974
1788,Othello's Deli,40.774055,-73.917755
1789,The Ailey Studios (Alvin Ailey American Dance Theater),40.766766,-73.98708
1790,MTA Bus Stop - Q15,40.760002,-73.82821
1791,Moxie Interactive,40.7419,-74.004684
1792,Payless ShoeSource,40.73721,-73.61402
1793,Puppetworks,40.67109,-73.98155
1794,Ridgefield Park,40.83226,-73.999176
1795,Chase Bank,40.690823,-73.68504
1796,DaVinci Hotel,40.765755,-73.98288
1797,Anatolian Gyro,40.587173,-73.95299
1798,KFC,40.88073,-73.83866
1799,Fleet Week 2012,40.763172,-73.99987
1800,Hamilton Grange National Memorial,40.821156,-73.94697
1801,400 Chambers,40.71783,-74.014915
1802,Explorer of the Seas - Royal Caribbean,40.667683,-74.07622
1803,S.O.B.'s,40.7284,-74.00544
1804,Toad Hall,40.72215,-74.00363
1805,Board of Elections,40.692703,-73.98859
1806,Sunoco,40.84375,-74.004074
1807,30 Broad Street,40.7064,-74.011284
1808,West Chelsea Animal Hospital,40.746765,-73.99612
1809,Pavel Zoubok Gallery,40.7483,-74.0057
1810,Front Street Pizzaria & CafA,40.658405,-73.645676
1811,Brickyard Gastropub,40.76492,-73.987785
1812,Starbucks,40.769005,-73.98232
1813,35 Cooper Asian Pub,40.72818,-73.99079
1814,620 on Caton Pizzeria and Restaurant,40.647663,-73.97388
1815,Sabor Latin Bistro,40.8039,-73.99356
1816,Sushi Damo,40.767746,-73.983665
1817,Screaming Mimi's,40.727634,-73.99338
1818,Wines & Spirits,40.690773,-73.99199
1819,Pesso's Italian Ices,40.76635,-73.78376
1820,Energy Fuel,40.709576,-73.89888
1821,Bouley's Test Kitchen,40.715195,-74.00964
1822,The Irish Cottage,40.720604,-73.8439
1823,Gate 1,40.77349,-73.884514
1824,Trattoria Thirty Five,40.76897,-73.774284
1825,Dorney and Malone's,40.8902,-73.89824
1826,Merchants River House,40.711395,-74.01794
1827,Orologio,40.72815,-73.98203
1828,Tilden Ave & Nostrand Ave,40.64738,-73.94927
1829,Bar Toto,40.666798,-73.984955
1830,Manhattan Diner,40.782368,-73.98069
1831,333 River Street,40.7403,-74.027214
1832,Hotel On Rivington,40.719883,-73.9881
1833,Dunkin' Donuts,40.715908,-73.99945
1834,Restaurant Depot,40.779427,-74.06773
1835,Lowe's Home Improvement,40.63847,-73.74003
1836,Beekman Beer Garden,40.705803,-74.00124
1837,American Airline Theater - Everyday Rapture,40.756496,-73.98658
1838,Cafe 42,40.753178,-73.98027
1839,La Guardia Taxi Queue,40.773815,-73.87366
1840,Alexander Hamilton Statue,40.78025,-73.96468
1841,Eleanor Roosevelt Monument,40.780807,-73.985695
1842,L.A. Burrito,40.71403,-73.96161
1843,The Bread Factory,40.710255,-74.007256
1844,Open House Studios,40.721832,-73.9965
1845,Fifth Avenue Epicure,40.75181,-73.98079
1846,J nails,40.720528,-74.04276
1847,Station Cafe,40.677387,-73.983086
1848,Gate 27,40.64089,-73.78972
1849,7-Eleven,40.864357,-73.92663
1850,Chase Bank,40.756214,-73.98648
1851,Sophie's Cuban Cuisine,40.75587,-73.98065
1852,Starbucks,40.74845,-73.98508
1853,Citibank,40.708878,-73.68291
1854,Top Tomato,40.60132,-74.177
1855,Rickshaw Dumpling Bar,40.75331,-73.9747
1856,MTA Q25,40.6993,-73.80608
1857,Kenneth Cole Productions HQ,40.76611,-73.99484
1858,Green Depot,40.72208,-73.99335
1859,Al Hirschfeld Theater,40.759357,-73.98898
1860,Michaels,40.576153,-74.165054
1861,El Rio Grande,40.747967,-73.97666
1862,Wells Fargo,40.747765,-73.98317
1863,My Pizza,40.60896,-74.08797
1864,Cucina Di Pesce,40.726368,-73.98977
1865,Queens College - Dining Hall,40.737118,-73.81773
1866,The Mermaid Inn,40.788647,-73.97426
1867,Domino Supermarket,40.610058,-73.95491
1868,Troy Ave & Empire Blvd,40.66388,-73.93738
1869,Fairfield Inn & Suites by Marriott New York Manhattan\/Fifth Avenue,40.751114,-73.98507
1870,Coco Nails,40.588768,-74.16816
1871,Citibank,40.776627,-73.95508
1872,Fresco Tortillas Clinton,40.76874,-73.98892
1873,OMGPOP,40.726,-73.99577
1874,Jacques Torres Chocolate,40.758972,-73.97867
1875,Lily's Nail,40.76392,-73.922646
1876,Aldo Shoes,40.734272,-73.870674
1877,Bikram Yoga Manhattan Soho,40.72465,-74.00206
1878,Restaurant Nippon,40.75761,-73.97058
1879,Monohans&Fitzgeralds,40.763844,-73.771
1880,Georgia's Eastside BBQ,40.722183,-73.98806
1881,Gourmet Grill,40.6197,-73.916016
1882,Piccola Cucina,40.72636,-74.00208
1883,Edison Place,40.70256,-73.87927
1884,Criminal Court,40.6255,-74.0829
1885,Metro Drugs,40.76798,-73.96373
1886,Bryant Park - Gertrude Stein Statue,40.75329,-73.98331
1887,Theory,40.767628,-73.96855
1888,Wogie's Bar & Grill,40.73534,-74.0004
1889,New Hon Wong Restaurant,40.7183,-74.00021
1890,La Bonbonniere,40.737953,-74.00457
1891,Astoria Laundry,40.774086,-73.91315
1892,Black Scale,40.724716,-73.99335
1893,McDonald's,40.720623,-73.76105
1894,Majestic Theatre,40.75852,-73.988304
1895,Chicken Lovers,40.760693,-73.76714
1896,Tabata Japanese Noodles,40.756847,-73.99363
1897,West Marine,40.75103,-73.98415
1898,Mini Star Restaurant,40.763607,-73.915115
1899,Queens Library at Ridgewood,40.70529,-73.90248
1900,Wanted design @ la venue,40.751877,-74.00619
1901,Nancy Lee's Pig Heaven,40.7741,-73.954575
1902,Shillelagh Tavern,40.76075,-73.90859
1903,Digital Media Department At The Metropolitan Museum Of Art,40.778255,-73.963585
1904,Cafe Grumpy,40.71511,-73.98996
1905,Trump Place - 140,40.777046,-73.98848
1906,Gap Outlet,40.745667,-73.59477
1907,L\u2019Atelier de JoAl Robuchon,40.762226,-73.97157
1908,Gate 2,40.771572,-73.86542
1909,Church of The Epiphany (R.C.),40.737144,-73.98172
1910,Pizzanini,40.72869,-73.98777
1911,Cody's Ale House Grill,40.688614,-73.9929
1912,On the Corner,40.661552,-73.99673
1913,Dollar Tree,40.567333,-74.110466
1914,Bp Gas,40.769405,-73.88644
1915,Beer Deck @ The Three Monkeys,40.764114,-73.983246
1916,Miller's Tavern,40.713852,-73.95799
1917,Rockstar Games,40.72587,-73.99623
1918,MTA Subway - Main St (7),40.75948,-73.8301
1919,Trump Place - 120,40.776386,-73.98883
1920,The Arthur Ross Terrace,40.781944,-73.973785
1921,Citibank,40.778492,-73.98153
1922,Nu Sushi,40.70375,-74.01053
1923,Ed Sullivan Theatre,40.76376,-73.98276
1924,Tenjune,40.74015,-74.0073
1925,Verizon Wireless,40.57023,-74.10958
1926,Bodhi Tibet Boutique,40.716427,-73.95923
1927,Perfecto Pizza,40.792282,-73.97369
1928,Little Engine Playground,40.77767,-73.98905
1929,Sovereign,40.75363,-74.023964
1930,YogaWorks,40.720905,-74.00063
1931,Tenth Avenue Pizza,40.748898,-74.00353
1932,Getty,40.96013,-73.84111
1933,Downtown Veterinary Associates,40.721962,-74.04659
1934,Wards Island Bridge,40.78656,-73.938705
1935,Fairfield Inn & Suites by Marriott New York Manhattan\/Chelsea,40.746456,-73.99128
1936,Unique Thrift Store,40.881756,-73.903755
1937,DaSilva Memorial Field,40.72329,-73.795296
1938,Chopsticks,40.685986,-73.82512
1939,Gino's Trattoria,40.768875,-73.7742
1940,Foundation,40.720352,-73.987366
1941,Zeckendorf Towers,40.73458,-73.988686
1942,CVS,40.607994,-74.12149
1943,Dunkin' Donuts,40.90659,-73.9047
1944,Lin's Gourmet,40.75981,-73.965
1945,DKNY Lounge,40.829685,-73.92627
1946,Little Guyana Bake Shop,40.68713,-73.817955
1947,Spice,40.789974,-73.97317
1948,New York Dog Spa & Hotel,40.74378,-73.99045
1949,Express Food Mart & Deli,40.64961,-73.68897
1950,Sushi Mambo,40.731133,-74.00284
1951,Crazy Horse Cabaret,40.886826,-73.82733
1952,Sam's Deli,40.84012,-73.917336
1953,Washington Sq.Pk. Heaven's Gate,40.731274,-73.99704
1954,Little Louie's Pizzeria,40.693085,-73.97175
1955,Modell's Sporting Goods,40.65032,-73.95937
1956,Girasole,40.77679,-73.95706
1957,Gold's Gym,40.662373,-73.84023
1958,St. Joseph's College,40.690536,-73.96772
1959,Get 'Em Girls' Cupcake Suite,40.80091,-73.949265
1960,Anthropologie,40.72365,-74.00264
1961,Chung Hing Chinese Restaraunt,40.688793,-73.992805
1962,Carvel Ice Cream,40.61874,-73.9295
1963,Spicy & Tasty,40.759197,-73.83206
1964,Cross Bronx Pizzeria,40.830437,-73.851
1965,pier 60,40.74638,-74.009674
1966,Freight + Volume,40.74904,-74.00513
1967,2 Bros. Pizza,40.74403,-73.99199
1968,The Trilby,40.72794,-73.990974
1969,Ralph Lauren US Open Shop (Louis Armstrong Stadium),40.75055,-73.84522
1970,RdV,40.740765,-74.00675
1971,ABC News Radio,40.77601,-73.98729
1972,Shomer Shabbos,40.633156,-73.99499
1973,Company 3,40.741394,-73.99905
1974,Viacom,40.756947,-73.98521
1975,LIE Exit 36,40.774303,-73.67097
1976,Whittemore House,40.732887,-74.00412
1977,Rite Aid,40.729908,-73.97949
1978,Tacos Morelos,40.7231,-73.985825
1979,Broadway Comedy Club,40.76449,-73.98556
1980,ENK NYC @ The Tunnel,40.752007,-74.00495
1981,Ocean Ave,40.61756,-73.955124
1982,Cardinal Hayes High School,40.820946,-73.92545
1983,Petco,40.741276,-73.66191
1984,Malecon Restaurant II,40.79479,-73.969604
1985,Seagull Haircutters,40.733875,-74.005356
1986,Cross Island Parkway,40.743355,-73.731995
1987,Cafe Colonial,40.852455,-73.86767
1988,Bar-b-que,40.7368,-74.00092
1989,Walt Whitman Park,40.69834,-73.9903
1990,El Parador Cafe,40.74445,-73.97487
1991,Shoot Digital,40.72777,-73.99276
1992,Reiss London,40.73279,-74.003716
1993,Citibank,40.6737,-73.97603
1994,Grand Bar & Lounge,40.721878,-74.004295
1995,Graceland Hair & Tattoo,40.717175,-73.94982
1996,Zhong Hua Supermarket,40.74326,-73.82533
1997,Grand Hyatt Hotel Commoner Bar\/Lounge,40.751556,-73.976944
1998,Farmers Market on Cortelyou,40.640747,-73.96567
